ID,Drug,SMILES
0,DB00860,C[C@]12C[C@H](O)[C@H]3[C@@H](CCC4=CC(=O)C=C[C@@]43C)[C@@H]1CC[C@]2(O)C(=O)CO
1,DB01234,C[C@@H]1C[C@H]2[C@@H]3CCC4=CC(=O)C=C[C@]4(C)[C@@]3(F)[C@@H](O)C[C@]2(C)[C@@]1(O)C(=O)CO
2,DB00959,C[C@H]1C[C@H]2[C@@H]3CC[C@](O)(C(=O)CO)[C@@]3(C)C[C@H](O)[C@@H]2[C@@]2(C)C=CC(=O)C=C12
3,DB00443,C[C@H]1C[C@H]2[C@@H]3CCC4=CC(=O)C=C[C@]4(C)[C@@]3(F)[C@@H](O)C[C@]2(C)[C@@]1(O)C(=O)CO
4,DB00741,C[C@]12C[C@H](O)[C@H]3[C@@H](CCC4=CC(=O)CC[C@@]43C)[C@@H]1CC[C@]2(O)C(=O)CO
5,DB00620,C[C@]12C[C@H](O)[C@@]3(F)[C@@H](CCC4=CC(=O)C=C[C@@]43C)[C@@H]1C[C@@H](O)[C@]2(O)C(=O)CO
6,DB00635,C[C@]12CC(=O)[C@H]3[C@@H](CCC4=CC(=O)C=C[C@@]43C)[C@@H]1CC[C@]2(O)C(=O)CO
7,DB01380,CC(=O)OCC(=O)[C@@]1(O)CC[C@H]2[C@@H]3CCC4=CC(=O)CC[C@]4(C)[C@H]3C(=O)C[C@@]21C
8,DB00618,CN(C)[C@@H]1C(O)=C(C(N)=O)C(=O)[C@@]2(O)C(O)=C3C(=O)c4c(O)ccc(Cl)c4[C@@H](O)[C@H]3C[C@@H]12
9,DB00773,COc1cc([C@@H]2c3cc4c(cc3[C@@H](O[C@@H]3O[C@@H]5CO[C@@H](C)O[C@H]5[C@H](O)[C@H]3O)[C@H]3COC(=O)[C@H]23)OCO4)cc(OC)c1O
10,DB01181,O=P1(NCCCl)OCCCN1CCCl
11,DB00987,Nc1ccn([C@@H]2O[C@H](CO)[C@@H](O)[C@@H]2O)c(=O)n1
12,DB00563,CN(Cc1cnc2nc(N)nc(N)c2n1)c1ccc(C(=O)N[C@@H](CCC(=O)O)C(=O)O)cc1
13,DB00993,Cn1cnc([N+](=O)[O-])c1Sc1ncnc2nc[nH]c12
14,DB00544,O=c1[nH]cc(F)c(=O)[nH]1
15,DB00945,CC(=O)Oc1ccccc1C(=O)O
16,DB00446,O=C(N[C@H](CO)[C@H](O)c1ccc([N+](=O)[O-])cc1)C(Cl)Cl
17,DB00309,CC[C@]1(O)C[C@@H]2CN(CCc3c([nH]c4ccccc34)[C@@](C(=O)OC)(c3cc4c(cc3OC)N(C)[C@H]3[C@@](O)(C(N)=O)[C@H](O)[C@]5(CC)C=CCN6CC[C@]43[C@@H]65)C2)C1
18,DB00997,COc1cccc2c1C(=O)c1c(O)c3c(c(O)c1C2=O)C[C@@](O)(C(=O)CO)C[C@@H]3O[C@H]1C[C@H](N)[C@H](O)[C@H](C)O1
19,DB01042,N[C@@H](Cc1ccc(N(CCCl)CCCl)cc1)C(=O)O
20,DB01229,CC(=O)O[C@H]1C(=O)[C@]2(C)[C@@H](O)C[C@H]3OC[C@@]3(OC(C)=O)[C@H]2[C@H](OC(=O)c2ccccc2)[C@]2(O)C[C@H](OC(=O)[C@H](O)[C@@H](NC(=O)c3ccccc3)c3ccccc3)C(C)=C1C2(C)C
21,DB00199,CC[C@H]1OC(=O)[C@H](C)[C@@H](O[C@H]2C[C@@](C)(OC)[C@@H](O)[C@H](C)O2)[C@H](C)[C@@H](O[C@@H]2O[C@H](C)C[C@H](N(C)C)[C@H]2O)[C@](C)(O)C[C@@H](C)C(=O)[C@H](C)[C@@H](O)[C@]1(C)O
22,DB00305,CO[C@@]12[C@H](COC(N)=O)C3=C(C(=O)C(C)=C(N)C3=O)N1C[C@@H]1N[C@@H]12
23,DB13832,CO[C@H]1O[C@H](CNC(=O)N(CCCl)N=O)[C@@H](O)[C@H](O)[C@H]1O
24,DB00627,O=C(O)c1cccnc1
25,DB00091,C/C=C/C[C@@H](C)[C@@H](O)[C@H]1C(=O)N[C@@H](CC)C(=O)N(C)CC(=O)N(C)[C@@H](CC(C)C)C(=O)N[C@@H](C(C)C)C(=O)N(C)[C@@H](CC(C)C)C(=O)N[C@@H](C)C(=O)N[C@H](C)C(=O)N(C)[C@@H](CC(C)C)C(=O)N(C)[C@@H](CC(C)C)C(=O)N(C)[C@@H](C(C)C)C(=O)N1C
26,DB01073,Nc1nc(F)nc2c1ncn2[C@@H]1O[C@H](CO)[C@@H](O)[C@@H]1O
27,DB00681,C[C@@H]1OC(=O)C[C@H](O)C[C@H](O)CC[C@@H](O)[C@H](O)C[C@H](O)C[C@]2(O)C[C@H](O)[C@@H](C(=O)O)[C@H](C[C@@H](O[C@@H]3O[C@H](C)[C@@H](O)[C@H](N)[C@@H]3O)/C=C/C=C/C=C/C=C/C=C/C=C/C=C/[C@H](C)[C@@H](O)[C@H]1C)O2
28,DB01068,O=C1CN=C(c2ccccc2Cl)c2cc([N+](=O)[O-])ccc2N1
29,DB00575,Clc1cccc(Cl)c1NC1=NCCN1
30,DB00788,COc1ccc2cc([C@H](C)C(=O)O)ccc2c1
31,DB01167,CCC(C)n1ncn(-c2ccc(N3CCN(c4ccc(OC[C@H]5CO[C@](Cn6cncn6)(c6ccc(Cl)cc6Cl)O5)cc4)CC3)cc2)c1=O
32,DB01026,CC(=O)N1CCN(c2ccc(OCC3COC(Cn4ccnc4)(c4ccc(Cl)cc4Cl)O3)cc2)CC1
33,DB01248,CC(=O)O[C@@]12CO[C@@H]1C[C@H](O)[C@@]1(C)C(=O)[C@H](O)C3=C(C)[C@@H](OC(=O)[C@H](O)[C@@H](NC(=O)OC(C)(C)C)c4ccccc4)C[C@@](O)([C@@H](OC(=O)c4ccccc4)[C@@H]12)C3(C)C
34,DB00541,CC[C@]1(O)C[C@@H]2C[N@@](CCc3c([nH]c4ccccc34)[C@@](C(=O)OC)(c3cc4c(cc3OC)N(C=O)[C@H]3[C@@](O)(C(=O)OC)[C@H](OC(C)=O)[C@]5(CC)C=CCN6CC[C@]43[C@@H]65)C2)C1
35,DB00996,NCC1(CC(=O)O)CCCCC1
36,DB00262,O=NN(CCCl)C(=O)NCCCl
37,DB00619,Cc1ccc(NC(=O)c2ccc(CN3CCN(C)CC3)cc2)cc1Nc1nccc(-c2cccnc2)n1
38,DB00864,C=CC[C@@H]1/C=C(\C)C[C@H](C)C[C@H](OC)[C@H]2O[C@@](O)(C(=O)C(=O)N3CCCC[C@H]3C(=O)O[C@H](/C(C)=C/[C@@H]3CC[C@@H](O)[C@H](OC)C3)[C@H](C)[C@@H](O)CC1=O)[C@H](C)C[C@@H]2OC
39,DB00770,CCCCC[C@H](O)/C=C/[C@H]1[C@H](O)CC(=O)[C@@H]1CCCCCCC(=O)O
40,DB00755,CC1=C(/C=C/C(C)=C/C=C/C(C)=C/C(=O)O)C(C)(C)CCC1
41,DB00909,NS(=O)(=O)Cc1noc2ccccc12
42,DB00472,CNCCC(Oc1ccc(C(F)(F)F)cc1)c1ccccc1
43,DB00926,CCOC(=O)C=C(C)C=CC=C(C)C=Cc1c(C)cc(OC)c(C)c1C
44,DB00181,NCC(CC(=O)O)c1ccc(Cl)cc1
45,DB00328,COc1ccc2c(c1)c(CC(=O)O)c(C)n2C(=O)c1ccc(Cl)cc1
46,DB00936,O=C(O)c1ccccc1O
47,DB01008,CS(=O)(=O)OCCCCOS(C)(=O)=O
48,DB01165,CC1COc2c(N3CCN(C)CC3)c(F)cc3c(=O)c(C(=O)O)cn1c23
49,DB01005,NC(=O)NO
50,DB00136,C=C1/C(=C\C=C2/CCC[C@@]3(C)[C@H]2CC[C@@H]3[C@H](C)CCCC(C)(C)O)C[C@@H](O)C[C@@H]1O
51,DB00794,CCC1(c2ccccc2)C(=O)NCNC1=O
52,DB00482,Cc1ccc(-c2cc(C(F)(F)F)nn2-c2ccc(S(N)(=O)=O)cc2)cc1
53,DB00916,Cc1ncc([N+](=O)[O-])n1CCO
54,DB00399,O=P(O)(O)C(O)(Cn1ccnc1)P(=O)(O)O
55,DB00282,NCCC(O)(P(=O)(O)O)P(=O)(O)O
56,DB01219,O=C1CN(/N=C/c2ccc(-c3ccc([N+](=O)[O-])cc3)o2)C(=O)N1
57,DB00977,C#C[C@]1(O)CC[C@H]2[C@@H]3CCc4cc(O)ccc4[C@H]3CC[C@@]21C
58,DB00883,O=[N+]([O-])O[C@H]1CO[C@H]2[C@@H]1OC[C@H]2O[N+](=O)[O-]
59,DB01050,CC(C)Cc1ccc(C(C)C(=O)O)cc1
60,DB00570,CC[C@]1(O)C[C@@H]2CN(CCc3c([nH]c4ccccc34)[C@@](C(=O)OC)(c3cc4c(cc3OC)N(C)[C@H]3[C@@](O)(C(=O)OC)[C@H](OC(C)=O)[C@]5(CC)C=CCN6CC[C@]43[C@@H]65)C2)C1
61,DB00537,O=C(O)c1cn(C2CC2)c2cc(N3CCNCC3)c(F)cc2c1=O
62,DB00242,Nc1nc(Cl)nc2c1ncn2[C@H]1C[C@H](O)[C@@H](CO)O1
63,DB14512,C[C@@H]1C[C@H]2[C@@H]3CCC4=CC(=O)C=C[C@]4(C)[C@@]3(Cl)[C@@H](O)C[C@]2(C)[C@@]1(OC(=O)c1ccco1)C(=O)CCl
64,DB00692,Cc1ccc(N(CC2=NCCN2)c2cccc(O)c2)cc1
65,DB00338,COc1ccc2nc([S+]([O-])Cc3ncc(C)c(OC)c3C)[nH]c2c1
66,DB01101,CCCCCOC(=O)Nc1nc(=O)n([C@@H]2O[C@H](C)[C@@H](O)[C@H]2O)cc1F
67,DB01590,CO[C@H]1C[C@@H]2CC[C@@H](C)[C@@](O)(O2)C(=O)C(=O)N2CCCC[C@H]2C(=O)O[C@H]([C@H](C)C[C@@H]2CC[C@@H](OCCO)[C@H](OC)C2)CC(=O)[C@H](C)/C=C(\C)[C@@H](O)[C@@H](OC)C(=O)[C@H](C)C[C@H](C)/C=C/C=C/C=C/1C
68,DB00571,CC(C)NCC(O)COc1cccc2ccccc12
69,DB01013,CCC(=O)O[C@]1(C(=O)CCl)[C@@H](C)C[C@H]2[C@@H]3CCC4=CC(=O)C=C[C@]4(C)[C@@]3(F)[C@@H](O)C[C@@]21C
70,DB00722,NCCCC[C@H](N[C@@H](CCc1ccccc1)C(=O)O)C(=O)N1CCC[C@H]1C(=O)O
71,DB00434,CN1CCC(=C2c3ccccc3C=Cc3ccccc32)CC1
72,DB01058,O=C(C1CCCCC1)N1CC(=O)N2CCc3ccccc3C2C1
73,DB01222,CCCC1O[C@@H]2C[C@H]3[C@@H]4CCC5=CC(=O)C=C[C@]5(C)[C@H]4[C@@H](O)C[C@]3(C)[C@]2(C(=O)CO)O1
74,DB00991,O=C(O)CCc1nc(-c2ccccc2)c(-c2ccccc2)o1
75,DB01059,CCn1cc(C(=O)O)c(=O)c2cc(F)c(N3CCNCC3)cc21
76,DB03209,O=C(O)c1nc(=O)[nH]c(=O)[nH]1
77,DB00783,C[C@]12CC[C@@H]3c4ccc(O)cc4CC[C@H]3[C@@H]1CC[C@@H]2O
78,DB01204,O=C1c2c(O)ccc(O)c2C(=O)c2c(NCCNCCO)ccc(NCCNCCO)c21
79,DB00248,C=CCN1C[C@H](C(=O)N(CCCN(C)C)C(=O)NCC)C[C@@H]2c3cccc4[nH]cc(c34)C[C@H]21
80,DB01037,C#CCN(C)[C@H](C)Cc1ccccc1
81,DB00712,CC(C(=O)O)c1ccc(-c2ccccc2)c(F)c1
82,DB06769,Cn1c(CCCC(=O)O)nc2cc(N(CCCl)CCCl)ccc21
83,DB01174,CCC1(c2ccccc2)C(=O)NC(=O)NC1=O
84,DB01202,CC[C@@H](C(N)=O)N1CCCC1=O
85,DB01070,CC(C)[C@@H](C)/C=C/[C@@H](C)[C@H]1CC[C@H]2/C(=C/C=C3\C[C@@H](O)CC[C@@H]3C)CCC[C@@]21C
86,DB01039,CC(C)OC(=O)C(C)(C)Oc1ccc(C(=O)c2ccc(Cl)cc2)cc1
87,DB00776,NC(=O)N1c2ccccc2CC(=O)c2ccccc21
88,DB00717,C#C[C@]1(O)CC[C@H]2[C@@H]3CCC4=CC(=O)CC[C@@H]4[C@H]3CC[C@@]21C
89,DB01197,C[C@H](CS)C(=O)N1CCC[C@H]1C(=O)O
90,DB01203,CC(C)(C)NCC(O)COc1cccc2c1C[C@H](O)[C@H](O)C2
91,DB00970,Cc1c2oc3c(C)ccc(C(=O)N[C@@H]4C(=O)N[C@H](C(C)C)C(=O)N5CCC[C@H]5C(=O)N(C)CC(=O)N(C)[C@@H](C(C)C)C(=O)O[C@@H]4C)c3nc-2c(C(=O)N[C@@H]2C(=O)N[C@H](C(C)C)C(=O)N3CCC[C@H]3C(=O)N(C)CC(=O)N(C)[C@@H](C(C)C)C(=O)O[C@@H]2C)c(N)c1=O
92,DB00153,C=C1CC[C@H](O)C/C1=C/C=C1\CCC[C@@]2(C)[C@H]1CC[C@@H]2[C@H](C)/C=C/[C@H](C)C(C)C
93,DB00285,COc1ccc(C(CN(C)C)C2(O)CCCCC2)cc1
94,DB00603,CC(=O)O[C@]1(C(C)=O)CC[C@H]2[C@@H]3C[C@H](C)C4=CC(=O)CC[C@]4(C)[C@H]3CC[C@@]21C
95,DB00682,CC(=O)CC(c1ccccc1)c1c(O)c2ccccc2oc1=O
96,DB01263,CC[C@@H]([C@H](C)O)n1ncn(-c2ccc(N3CCN(c4ccc(OC[C@@H]5CO[C@@](Cn6cncn6)(c6ccc(F)cc6F)C5)cc4)CC3)cc2)c1=O
97,DB00381,CCOC(=O)C1=C(COCCN)NC(C)=C(C(=O)OC)C1c1ccccc1Cl
98,DB00163,Cc1c(C)c2c(c(C)c1O)CC[C@@](C)(CCC[C@H](C)CCC[C@H](C)CCCC(C)C)O2
99,DB01211,CC[C@H]1OC(=O)[C@H](C)[C@@H](O[C@H]2C[C@@](C)(OC)[C@@H](O)[C@H](C)O2)[C@H](C)[C@@H](O[C@@H]2O[C@H](C)C[C@H](N(C)C)[C@H]2O)[C@](C)(OC)C[C@@H](C)C(=O)[C@H](C)[C@@H](O)[C@]1(C)O
100,DB01390,O=C([O-])O.[Na+]
101,DB01210,CC(C)(C)NC[C@H](O)COc1cccc2c1CCCC2=O
102,DB01009,CC(C(=O)O)c1cccc(C(=O)c2ccccc2)c1
103,DB00227,CC[C@H](C)C(=O)O[C@H]1C[C@@H](C)C=C2C=C[C@H](C)[C@H](CC[C@@H]3C[C@@H](O)CC(=O)O3)[C@H]21
104,DB12947,C[C@H]1O[C@@H](n2cc(F)c(=O)[nH]c2=O)[C@H](O)[C@@H]1O
105,DB00727,O=[N+]([O-])OCC(CO[N+](=O)[O-])O[N+](=O)[O-]
106,DB00421,CC(=O)S[C@@H]1CC2=CC(=O)CC[C@]2(C)[C@H]2CC[C@@]3(C)[C@@H](CC[C@@]34CCC(=O)O4)[C@@H]21
107,DB00806,CC(=O)CCCCn1c(=O)c2c(ncn2C)n(C)c1=O
108,DB00852,CN[C@@H](C)[C@@H](O)c1ccccc1
109,DB09256,O=c1[nH]c(=O)n(C2CCCO2)cc1F
110,DB00444,COc1cc([C@@H]2c3cc4c(cc3[C@@H](O[C@@H]3O[C@@H]5CO[C@@H](c6cccs6)O[C@H]5[C@H](O)[C@H]3O)[C@H]3COC(=O)[C@H]23)OCO4)cc(OC)c1O
111,DB00586,O=C(O)Cc1ccccc1Nc1c(Cl)cccc1Cl
112,DB00564,NC(=O)N1c2ccccc2C=Cc2ccccc21
113,DB00230,CC(C)C[C@H](CN)CC(=O)O
114,DB00668,CNC[C@H](O)c1ccc(O)c(O)c1
115,DB00169,C=C1CC[C@H](O)C/C1=C/C=C1\CCC[C@@]2(C)[C@H]1CC[C@@H]2[C@H](C)CCCC(C)C
116,DB01029,CCCCC1=NC2(CCCC2)C(=O)N1Cc1ccc(-c2ccccc2-c2nn[nH]n2)cc1
117,DB00359,Nc1ccc(S(=O)(=O)Nc2ncccn2)cc1
118,DB00661,COc1ccc(CCN(C)CCCC(C#N)(c2ccc(OC)c(OC)c2)C(C)C)cc1OC
119,DB00264,COCCc1ccc(OCC(O)CNC(C)C)cc1
120,DB00927,NC(N)=Nc1nc(CSCCC(N)=NS(N)(=O)=O)cs1
121,DB00851,CN(C)/N=N/c1[nH]cnc1C(N)=O
122,DB01254,Cc1nc(Nc2ncc(C(=O)Nc3c(C)cccc3Cl)s2)cc(N2CCN(CCO)CC2)n1
123,DB00501,CN/C(=N/C#N)NCCSCc1nc[nH]c1C
124,DB00268,CCCN(CCC)CCc1cccc2c1CC(=O)N2
125,DB00394,CCC(=O)OCC(=O)[C@@]1(OC(=O)CC)[C@@H](C)C[C@H]2[C@@H]3CCC4=CC(=O)C=C[C@]4(C)[C@@]3(Cl)[C@@H](O)C[C@@]21C
126,DB00440,COc1cc(Cc2cnc(N)nc2N)cc(OC)c1OC
127,DB00178,CCOC(=O)[C@H](CCc1ccccc1)N[C@@H](C)C(=O)N1[C@H](C(=O)O)C[C@@H]2CCC[C@@H]21
128,DB00881,CCOC(=O)[C@H](CCc1ccccc1)N[C@@H](C)C(=O)N1Cc2ccccc2C[C@H]1C(=O)O
129,DB00759,CN(C)[C@@H]1C(O)=C(C(N)=O)C(=O)[C@@]2(O)C(O)=C3C(=O)c4c(O)cccc4[C@@](C)(O)[C@H]3C[C@@H]12
130,DB06819,O=C(O)CCCc1ccccc1
131,DB00630,NCCCC(O)(P(=O)(O)O)P(=O)(O)O
132,DB00519,CCOC(=O)[C@H](CCc1ccccc1)N[C@@H](C)C(=O)N1[C@H](C(=O)O)C[C@H]2CCCC[C@@H]21
133,DB00657,CNC1(C)C2CCC(C2)C1(C)C
134,DB11596,Nc1nc(=O)c2c([nH]1)NC[C@H](CNc1ccc(C(=O)N[C@@H](CCC(=O)O)C(=O)O)cc1)N2C=O
135,DB01088,CC#CCC(C)[C@H](O)/C=C/[C@@H]1[C@H]2C/C(=C/CCCC(=O)O)C[C@H]2C[C@H]1O
136,DB00554,CN1C(C(=O)Nc2ccccn2)=C(O)c2ccccc2S1(=O)=O
137,DB00502,O=C(CCCN1CCC(O)(c2ccc(Cl)cc2)CC1)c1ccc(F)cc1
138,DB00829,CN1C(=O)CN=C(c2ccccc2)c2cc(Cl)ccc21
139,DB00290,Cc1c(N)nc([C@H](CC(N)=O)NC[C@H](N)C(N)=O)nc1C(=O)N[C@H](C(=O)N[C@H](C)[C@@H](O)[C@H](C)C(=O)N[C@H](C(=O)NCCc1nc(-c2nc(C(=O)NCCC[S+](C)C)cs2)cs1)[C@@H](C)O)[C@@H](OC1OC(CO)C(O)C(O)C1OC1OC(CO)C(O)C(OC(N)=O)C1O)c1c[nH]cn1
140,DB01099,Nc1[nH]c(=O)ncc1F
141,DB00322,O=c1[nH]c(=O)n([C@H]2C[C@H](O)[C@@H](CO)O2)cc1F
142,DB00605,CC1=C(CC(=O)O)c2cc(F)ccc2C1=Cc1ccc([S+](C)[O-])cc1
143,DB00758,COC(=O)[C@H](c1ccccc1Cl)N1CCc2sccc2C1
144,DB00413,CCCN[C@H]1CCc2nc(N)sc2C1
145,DB00643,COC(=O)Nc1nc2ccc(C(=O)c3ccccc3)cc2[nH]1
146,DB00678,CCCCc1nc(Cl)c(CO)n1Cc1ccc(-c2ccccc2-c2nn[nH]n2)cc1
147,DB00585,CNC(=C[N+](=O)[O-])NCCSCc1csc(CN(C)C)n1
148,DB00448,Cc1c(OCC(F)(F)F)ccnc1C[S+]([O-])c1nc2ccccc2[nH]1
149,DB00764,C[C@@H]1C[C@H]2[C@@H]3CCC4=CC(=O)C=C[C@]4(C)[C@@]3(Cl)[C@@H](O)C[C@]2(C)[C@@]1(O)C(=O)CCl
150,DB05271,CCCN(CCc1cccs1)[C@H]1CCc2c(O)cccc2C1
151,DB00035,N=C(N)NCCC[C@@H](NC(=O)[C@@H]1CCCN1C(=O)[C@@H]1CSSCCC(=O)N[C@@H](Cc2ccc(O)cc2)C(=O)N[C@@H](Cc2ccccc2)C(=O)N[C@@H](CCC(N)=O)C(=O)N[C@@H](CC(N)=O)C(=O)N1)C(=O)NCC(N)=O
152,DB06791,CC(C)C1NC(=O)C(CCCCN)NC(=O)C(Cc2c[nH]c3ccccc23)NC(=O)C(Cc2ccc(O)cc2)NC(=O)C(NC(=O)C(N)Cc2ccc3ccccc3c2)CSSCC(C(=O)NC(C(N)=O)C(C)O)NC1=O
153,DB00335,CC(C)NCC(O)COc1ccc(CC(N)=O)cc1
154,DB00602,CC[C@@H](C)[C@H]1O[C@]2(CC[C@@H]1C)C[C@@H]1C[C@@H](C/C=C(\C)[C@@H](O[C@H]3C[C@H](OC)[C@@H](O[C@H]4C[C@H](OC)[C@@H](O)[C@H](C)O4)[C@H](C)O3)[C@@H](C)/C=C/C=C3\CO[C@@H]4[C@H](O)C(C)=C[C@@H](C(=O)O1)[C@]34O)O2.CO[C@H]1C[C@H](O[C@H]2[C@H](C)O[C@@H](O[C@@H]3/C(C)=C/C[C@@H]4C[C@@H](C[C@]5(CC[C@H](C)[C@@H](C(C)C)O5)O4)OC(=O)[C@@H]4C=C(C)[C@@H](O)[C@H]5OC/C(=C\C=C\[C@@H]3C)[C@@]45O)C[C@@H]2OC)O[C@@H](C)[C@@H]1O
155,DB00250,Nc1ccc(S(=O)(=O)c2ccc(N)cc2)cc1
156,DB00500,Cc1ccc(C(=O)c2ccc(CC(=O)O)n2C)cc1
157,DB01110,Clc1ccc(COC(Cn2ccnc2)c2ccc(Cl)cc2Cl)c(Cl)c1
158,DB00598,CC(CCc1ccccc1)NCC(O)c1ccc(O)c(C(N)=O)c1
159,DB00257,Clc1ccccc1C(c1ccccc1)(c1ccccc1)n1ccnc1
160,DB00887,CCCCNc1cc(C(=O)O)cc(S(N)(=O)=O)c1Oc1ccccc1
161,DB01238,O=C1CCc2ccc(OCCCCN3CCN(c4cccc(Cl)c4Cl)CC3)cc2N1
162,DB01136,COc1ccccc1OCCNCC(O)COc1cccc2[nH]c3ccccc3c12
163,DB00588,CCC(=O)O[C@]1(C(=O)SCF)[C@H](C)C[C@H]2[C@@H]3C[C@H](F)C4=CC(=O)C=C[C@]4(C)[C@@]3(F)[C@@H](O)C[C@@]21C
164,DB01242,CN(C)CCCN1c2ccccc2CCc2ccc(Cl)cc21
165,DB00492,CCC(=O)O[C@@H](OP(=O)(CCCCc1ccccc1)CC(=O)N1C[C@H](C2CCCCC2)C[C@H]1C(=O)O)C(C)C
166,DB01235,N[C@@H](Cc1ccc(O)c(O)c1)C(=O)O
167,DB06781,CCCC(=O)O[C@]1(C(=O)COC(C)=O)CC[C@H]2[C@@H]3C[C@H](F)C4=CC(=O)C=C[C@]4(C)[C@@]3(F)[C@@H](O)C[C@@]21C
168,DB01041,O=C1CCC(N2C(=O)c3ccccc3C2=O)C(=O)N1
169,DB00795,O=C(O)c1cc(/N=N/c2ccc(S(=O)(=O)Nc3ccccn3)cc2)ccc1O
170,DB00694,COc1cccc2c1C(=O)c1c(O)c3c(c(O)c1C2=O)C[C@@](O)(C(C)=O)C[C@@H]3O[C@H]1C[C@H](N)[C@H](O)[C@H](C)O1
171,DB01033,S=c1nc[nH]c2nc[nH]c12
172,DB00819,CC(=O)Nc1nnc(S(N)(=O)=O)s1
173,DB00695,NS(=O)(=O)c1cc(C(=O)O)c(NCc2ccco2)cc1Cl
174,DB00573,CC(C(=O)O)c1cccc(Oc2ccccc2)c1
175,DB01410,CC(C)C(=O)OCC(=O)[C@@]12O[C@H](C3CCCCC3)O[C@@H]1C[C@H]1[C@@H]3CCC4=CC(=O)C=C[C@]4(C)[C@H]3[C@@H](O)C[C@@]12C
176,DB00215,CN(C)CCCC1(c2ccc(F)cc2)OCc2cc(C#N)ccc21
177,DB01066,CO/N=C(\C(=O)N[C@@H]1C(=O)N2C(C(=O)O)=C(/C=C\c3scnc3C)CS[C@H]12)c1csc(N)n1
178,DB02701,NC(=O)c1cccnc1
179,DB00419,CCCCN1C[C@H](O)[C@@H](O)[C@H](O)[C@H]1CO
180,DB00999,NS(=O)(=O)c1cc2c(cc1Cl)NCNS2(=O)=O
181,DB00559,COc1ccccc1Oc1c(NS(=O)(=O)c2ccc(C(C)(C)C)cc2)nc(-c2ncccn2)nc1OCCO
182,DB01240,CCCCC[C@H](O)/C=C/[C@H]1[C@H](O)C[C@@H]2O/C(=C\CCCC(=O)O)C[C@@H]21
183,DB00989,CCN(C)C(=O)Oc1cccc([C@H](C)N(C)C)c1
184,DB00911,CCS(=O)(=O)CCn1c([N+](=O)[O-])cnc1C
185,DB00846,CC1(C)O[C@@H]2C[C@H]3[C@@H]4C[C@H](F)C5=CC(=O)CC[C@]5(C)[C@H]4[C@@H](O)C[C@]3(C)[C@]2(C(=O)CO)O1
186,DB06151,CC(=O)N[C@@H](CS)C(=O)O
187,DB00427,Cc1ccc(/C(=C\CN2CCCC2)c2ccccn2)cc1
188,DB01106,C[C@@H]1CN([C@H]2CC[C@](C#N)(c3ccc(F)cc3)CC2)CC[C@]1(C(=O)O)c1ccccc1
189,DB00343,COc1ccc([C@@H]2Sc3ccccc3N(CCN(C)C)C(=O)[C@@H]2OC(C)=O)cc1
190,DB00966,CCCc1nc2c(C)cc(-c3nc4ccccc4n3C)cc2n1Cc1ccc(-c2ccccc2C(=O)O)cc1
191,DB08887,CC/C=C\C/C=C\C/C=C\C/C=C\C/C=C\CCCC(=O)OCC
192,DB01275,NNc1nncc2ccccc12
193,DB00014,CC(C)C[C@H](NC(=O)[C@@H](COC(C)(C)C)NC(=O)[C@H](Cc1ccc(O)cc1)NC(=O)[C@H](CO)NC(=O)[C@H](Cc1c[nH]c2ccccc12)NC(=O)[C@H](Cc1cnc[nH]1)NC(=O)[C@@H]1CCC(=O)N1)C(=O)N[C@@H](CCCN=C(N)N)C(=O)N1CCC[C@H]1C(=O)NNC(N)=O
194,DB01104,CN[C@H]1CC[C@@H](c2ccc(Cl)c(Cl)c2)c2ccccc21
195,DB00288,CC(=O)OCC(=O)[C@@]12OC3(CCCC3)O[C@@H]1C[C@H]1[C@@H]3CCC4=CC(=O)C=C[C@]4(C)[C@@]3(F)[C@@H](O)C[C@@]12C
196,DB00714,CN1CCc2cccc3c2[C@H]1Cc1ccc(O)c(O)c1-3
197,DB00214,Cc1cccc(Nc2ccncc2S(=O)(=O)NC(=O)NC(C)C)c1
198,DB01098,CC(C)c1nc(N(C)S(C)(=O)=O)nc(-c2ccc(F)cc2)c1/C=C/[C@@H](O)C[C@@H](O)CC(=O)O
199,DB00121,O=C(O)CCCC[C@@H]1SC[C@@H]2NC(=O)N[C@H]12
200,DB01071,c1ccc2c(c1)Sc1ccccc1N2CC1CN2CCC1CC2
201,DB00176,COCCCC/C(=N\OCCN)c1ccc(C(F)(F)F)cc1
202,DB00972,CN1CCCC(n2nc(Cc3ccc(Cl)cc3)c3ccccc3c2=O)CC1
203,DB00291,O=C(O)CCCc1ccc(N(CCCl)CCCl)cc1
204,DB00816,CC(C)NCC(O)c1cc(O)cc(O)c1
205,DB00552,OC[C@H]1O[C@@H](n2cnc3c2N=CNC[C@H]3O)C[C@@H]1O
206,DB00398,CNC(=O)c1cc(Oc2ccc(NC(=O)Nc3ccc(Cl)c(C(F)(F)F)c3)cc2)ccn1
207,DB00653,O=S(=O)([O-])[O-].[Mg+2]
208,DB00724,CC(C)Cn1cnc2c(N)nc3ccccc3c21
209,DB00988,NCCc1ccc(O)c(O)c1
210,DB01268,CCN(CC)CCNC(=O)c1c(C)[nH]c(/C=C2\C(=O)Nc3ccc(F)cc32)c1C
211,DB01296,N[C@H]1C(O)O[C@H](CO)[C@@H](O)[C@@H]1O
212,DB00749,CCc1cccc2c3c([nH]c12)C(CC)(CC(=O)O)OCC3
213,DB00334,Cc1cc2c(s1)Nc1ccccc1N=C2N1CCN(C)CC1
214,DB00388,CNC[C@H](O)c1cccc(O)c1
215,DB00481,O=C(c1ccc(OCCN2CCCCC2)cc1)c1c(-c2ccc(O)cc2)sc2cc(O)ccc12
216,DB01003,O=C(O)c1cc(=O)c2c(OCC(O)COc3cccc4oc(C(=O)O)cc(=O)c34)cccc2o1
217,DB00203,CCCc1nn(C)c2c(=O)[nH]c(-c3cc(S(=O)(=O)N4CCN(C)CC4)ccc3OCC)nc12
218,DB00146,C=C1CC[C@H](O)C/C1=C/C=C1\CCC[C@@]2(C)[C@H]1CC[C@@H]2[C@H](C)CCCC(C)(C)O
219,DB01018,N=C(N)NC(=O)Cc1c(Cl)cccc1Cl
220,DB01045,CO[C@H]1/C=C/O[C@@]2(C)Oc3c(C)c(O)c4c(O)c(c(/C=N/N5CCN(C)CC5)c(O)c4c3C2=O)NC(=O)/C(C)=C\C=C\[C@H](C)[C@H](O)[C@@H](C)[C@@H](O)[C@@H](C)[C@H](OC(C)=O)[C@@H]1C
221,DB00960,CC(C)NCC(O)COc1cccc2[nH]ccc12
222,DB00195,CC(C)NCC(O)COc1ccc(CCOCC2CC2)cc1
223,DB00007,CCNC(=O)[C@@H]1CCCN1C(=O)[C@H](CCCNC(=N)N)NC(=O)[C@H](CC(C)C)NC(=O)[C@@H](CC(C)C)NC(=O)[C@H](Cc1ccc(O)cc1)NC(=O)[C@H](CO)NC(=O)[C@H](Cc1c[nH]c2ccccc12)NC(=O)[C@H](Cc1c[nH]cn1)NC(=O)[C@@H]1CCC(=O)N1
224,DB05676,CCOc1cc([C@@H](CS(C)(=O)=O)N2C(=O)c3cccc(NC(C)=O)c3C2=O)ccc1OC
225,DB00455,CCOC(=O)N1CCC(=C2c3ccc(Cl)cc3CCc3cccnc32)CC1
226,DB00313,CCCC(CCC)C(=O)O
227,DB09053,C=CC(=O)N1CCC[C@@H](n2nc(-c3ccc(Oc4ccccc4)cc3)c3c(N)ncnc32)C1
228,DB01186,CCCN1C[C@H](CSC)C[C@@H]2c3cccc4[nH]cc(c34)C[C@H]21
229,DB00521,CC(C)(C)NCC(O)COc1cccc2c1CCC(=O)N2
230,DB08801,CC(C1=C(CCN(C)C)Cc2ccccc21)c1ccccn1
231,DB00884,O=P(O)(O)C(O)(Cc1cccnc1)P(=O)(O)O
232,DB00206,COC(=O)[C@H]1[C@H]2C[C@@H]3c4[nH]c5cc(OC)ccc5c4CCN3C[C@H]2C[C@@H](OC(=O)c2cc(OC)c(OC)c(OC)c2)[C@@H]1OC
233,DB14540,CCCC(=O)O[C@]1(C(=O)CO)CC[C@H]2[C@@H]3CCC4=CC(=O)CC[C@]4(C)[C@H]3[C@@H](O)C[C@@]21C
234,DB00494,CCN(CC)C(=O)/C(C#N)=C/c1cc(O)c(O)c([N+](=O)[O-])c1
235,DB01148,Cc1c(-c2ccccc2)oc2c(C(=O)OCCN3CCCCC3)cccc2c1=O
236,DB00524,Cc1ccccc1N1C(=O)c2cc(S(N)(=O)=O)c(Cl)cc2NC1C
237,DB00273,CC1(C)O[C@@H]2CO[C@@]3(COS(N)(=O)=O)OC(C)(C)O[C@H]3[C@@H]2O1
238,DB08992,CCc1ccc(C(=O)C(C)CN2CCCCC2)cc1
239,DB00341,O=C(O)COCCN1CCN(C(c2ccccc2)c2ccc(Cl)cc2)CC1
240,DB00323,Cc1ccc(C(=O)c2cc(O)c(O)c([N+](=O)[O-])c2)cc1
241,DB00751,NC1=NCC2c3ccccc3Cc3ccccc3N12
242,DB00540,CNCCC=C1c2ccccc2CCc2ccccc21
243,DB00331,CN(C)C(=N)NC(=N)N
244,DB00745,NC(=O)C[S+]([O-])C(c1ccccc1)c1ccccc1
245,DB04572,S=P(N1CC1)(N1CC1)N1CC1
246,DB01115,COC(=O)C1=C(C)NC(C)=C(C(=O)OC)C1c1ccccc1[N+](=O)[O-]
247,DB00853,Cn1nnc2c(C(N)=O)ncn2c1=O
248,DB00475,CNC1=Nc2ccc(Cl)cc2C(c2ccccc2)=[N+]([O-])C1
249,DB01620,CN(C)CCC(c1ccccc1)c1ccccn1
250,DB00967,Clc1ccc2c(c1)CCc1cccnc1C2=C1CCNCC1
251,DB00458,CN(C)CCCN1c2ccccc2CCc2ccccc21
252,DB00641,CCC(C)(C)C(=O)O[C@H]1C[C@@H](C)C=C2C=C[C@H](C)[C@H](CC[C@@H]3C[C@@H](O)CC(=O)O3)[C@H]21
253,DB00376,OC(CCN1CCCCC1)(c1ccccc1)C1CCCCC1
254,DB00748,CN(C)CCOC(c1ccc(Cl)cc1)c1ccccn1
255,DB00928,Nc1ncn([C@@H]2O[C@H](CO)[C@@H](O)[C@H]2O)c(=O)n1
256,DB01241,Cc1ccc(C)c(OCCCC(C)(C)C(=O)O)c1
257,DB08933,N#C/C(=C1/SC[C@@H](c2ccc(Cl)cc2Cl)S1)n1ccnc1
258,DB04861,OC(CNCC(O)C1CCc2cc(F)ccc2O1)C1CCc2cc(F)ccc2O1
259,DB13399,CCN(CC)C(=O)N[C@H]1C[C@@H]2c3cccc4[nH]cc(c34)C[C@H]2N(C)C1
260,DB00555,Nc1nnc(-c2cccc(Cl)c2Cl)c(N)n1
261,DB00778,CC[C@H]1OC(=O)[C@H](C)[C@@H](O[C@H]2C[C@@](C)(OC)[C@@H](O)[C@H](C)O2)[C@H](C)[C@@H](O[C@@H]2O[C@H](C)C[C@H](N(C)C)[C@H]2O)[C@](C)(O)C[C@@H](C)C(=NOCOCCOC)[C@H](C)[C@@H](O)[C@]1(C)O
262,DB00244,Nc1ccc(O)c(C(=O)O)c1
263,DB00392,CCN(CC)C(C)CN1c2ccccc2Sc2ccccc21
264,DB00401,COC(=O)C1=C(C)NC(C)=C(C(=O)OCC(C)C)C1c1ccccc1[N+](=O)[O-]
265,DB00582,C[C@@H](c1ncncc1F)[C@](O)(Cn1cncn1)c1ccc(F)cc1F
266,DB00542,CCOC(=O)[C@H](CCc1ccccc1)N[C@H]1CCc2ccccc2N(CC(=O)O)C1=O
267,DB00310,NS(=O)(=O)c1cc(C2(O)NC(=O)c3ccccc32)ccc1Cl
268,DB09166,CCc1cc2c(s1)-n1c(C)nnc1CN=C2c1ccccc1Cl
269,DB00580,Cc1onc(-c2ccccc2)c1-c1ccc(S(N)(=O)=O)cc1
270,DB00391,CCN1CCCC1CNC(=O)c1cc(S(N)(=O)=O)ccc1OC
271,DB01069,CC(CN1c2ccccc2Sc2ccccc21)N(C)C
272,DB01020,O=[N+]([O-])O[C@@H]1CO[C@@H]2[C@@H](O)CO[C@H]12
273,DB00691,CCOC(=O)[C@H](CCc1ccccc1)N[C@@H](C)C(=O)N1Cc2cc(OC)c(OC)cc2C[C@H]1C(=O)O
274,DB11085,Oc1cccc(O)c1
275,DB00719,CN1CCC(=C2c3ccccc3CCc3cccnc32)CC1
276,DB00126,O=C1O[C@H]([C@@H](O)CO)C(O)=C1O
277,DB01436,C=C1/C(=C\C=C2/CCC[C@@]3(C)[C@H]2CC[C@@H]3[C@H](C)CCCC(C)C)C[C@@H](O)C[C@@H]1O
278,DB00861,O=C(O)c1cc(-c2ccc(F)cc2F)ccc1O
279,DB03904,NC(N)=O
280,DB00480,Nc1cccc2c1CN(C1CCC(=O)NC1=O)C2=O
281,DB01064,CC(C)NCC(O)c1ccc(O)c(O)c1
282,DB00835,CN(C)CCC(c1ccc(Br)cc1)c1ccccn1
283,DB01188,Cc1cc(C2CCCCC2)n(O)c(=O)c1
284,DB00790,CCC[C@H](N[C@@H](C)C(=O)N1[C@H](C(=O)O)C[C@@H]2CCCC[C@@H]21)C(=O)OCC
285,DB00873,C[C@]12C[C@H](O)[C@H]3[C@@H](CCC4=CC(=O)C=C[C@@]43C)[C@@H]1CC[C@]2(O)C(=O)OCCl
286,DB00715,Fc1ccc([C@@H]2CCNC[C@H]2COc2ccc3c(c2)OCO3)cc1
287,DB09074,O=C(c1cc(Cc2n[nH]c(=O)c3ccccc23)ccc1F)N1CCN(C(=O)C2CC2)CC1
288,DB00903,C=C(CC)C(=O)c1ccc(OCC(=O)O)c(Cl)c1Cl
289,DB00190,C[C@@](Cc1ccc(O)c(O)c1)(NN)C(=O)O
290,DB08906,C[C@@H]1C[C@H]2[C@@H]3C[C@H](F)C4=CC(=O)C=C[C@]4(C)[C@@]3(F)[C@@H](O)C[C@]2(C)[C@@]1(OC(=O)c1ccco1)C(=O)SCF
291,DB00567,CC1=C(C(=O)O)N2C(=O)[C@@H](NC(=O)[C@H](N)c3ccccc3)[C@H]2SC1
292,DB01146,CN1CCC(OC(c2ccccc2)c2ccccc2)CC1
293,DB00814,Cc1cnc(NC(=O)C2=C(O)c3ccccc3S(=O)(=O)N2C)s1
294,DB01173,Cc1ccccc1C(OCCN(C)C)c1ccccc1
295,DB00373,CC(C)(C)NC[C@H](O)COc1nsnc1N1CCOCC1
296,DB01144,NS(=O)(=O)c1cc(Cl)c(Cl)c(S(N)(=O)=O)c1
297,DB00424,CN1[C@H]2CC[C@@H]1C[C@H](OC(=O)[C@H](CO)c1ccccc1)C2
298,DB00122,C[N+](C)(C)CCO
299,DB00283,CN1CCC[C@@H]1CCO[C@](C)(c1ccccc1)c1ccc(Cl)cc1
300,DB08800,CN(C)CCN(Cc1ccc(Cl)cc1)c1ccccn1
301,DB00684,NC[C@H]1O[C@H](O[C@@H]2[C@@H](N)C[C@@H](N)[C@H](O[C@H]3O[C@H](CO)[C@@H](O)[C@H](N)[C@H]3O)[C@H]2O)[C@H](N)C[C@@H]1O
302,DB00368,NC[C@H](O)c1ccc(O)c(O)c1
303,DB00734,Cc1nc2n(c(=O)c1CCN1CCC(c3noc4cc(F)ccc34)CC1)CCCC2
304,DB00820,CN1CC(=O)N2[C@H](Cc3c([nH]c4ccccc34)[C@H]2c2ccc3c(c2)OCO3)C1=O
305,DB00950,CC(C)(C(=O)O)c1ccc(C(O)CCCN2CCC(C(O)(c3ccccc3)c3ccccc3)CC2)cc1
306,DB00387,OC(CCN1CCCC1)(c1ccccc1)C1CCCCC1
307,DB00870,CC(C(=O)O)c1ccc(C(=O)c2cccs2)cc1
308,DB00589,CCN(CC)C(=O)N[C@H]1C=C2c3cccc4[nH]cc(c34)C[C@H]2N(C)C1
309,DB00342,CC(C)(C)c1ccc(C(O)CCCN2CCC(C(O)(c3ccccc3)c3ccccc3)CC2)cc1
310,DB06262,N[C@H](C(=O)O)[C@H](O)c1ccc(O)c(O)c1
311,DB01599,CC(C)(Sc1cc(C(C)(C)C)c(O)c(C(C)(C)C)c1)Sc1cc(C(C)(C)C)c(O)c(C(C)(C)C)c1
312,DB00277,Cn1c(=O)c2[nH]cnc2n(C)c1=O
313,DB00270,COC(=O)C1=C(C)NC(C)=C(C(=O)OC(C)C)C1c1cccc2nonc12
314,DB00787,Nc1nc(=O)c2ncn(COCCO)c2[nH]1
315,DB01170,NC(N)=NCCN1CCCCCCC1
316,DB01395,C[C@]12CC[C@H]3[C@H]([C@@H]1[C@@H]1C[C@@H]1[C@@]21CCC(=O)O1)[C@H]1C[C@H]1C1=CC(=O)CC[C@@]13C
317,DB11581,CC1(C)CCC(CN2CCN(c3ccc(C(=O)NS(=O)(=O)c4ccc(NCC5CCOCC5)c([N+](=O)[O-])c4)c(Oc4cnc5[nH]ccc5c4)c3)CC2)=C(c2ccc(Cl)cc2)C1
318,DB01553,O=C1CN2CCOC2(c2ccccc2Cl)c2cc(Cl)ccc2N1
319,DB00929,CCCCC(C)(O)C/C=C/[C@H]1[C@H](O)CC(=O)[C@@H]1CCCCCCC(=O)OC
320,DB08802,CC(CN1c2ccccc2Sc2cccnc21)N(C)C
321,DB00213,COc1ccnc(C[S+]([O-])c2nc3ccc(OC(F)F)cc3[nH]2)c1OC
322,DB01137,C[C@H]1COc2c(N3CCN(C)CC3)c(F)cc3c(=O)c(C(=O)O)cn1c23
323,DB04272,O=C(O)CC(O)(CC(=O)O)C(=O)O
324,DB00636,CCOC(=O)C(C)(C)Oc1ccc(Cl)cc1
325,DB00451,N[C@@H](Cc1cc(I)c(Oc2cc(I)c(O)c(I)c2)c(I)c1)C(=O)O
326,DB00253,CC(=O)[C@H]1CC[C@H]2[C@@H]3C[C@H](C)C4=CC(=O)CC[C@]4(C)[C@H]3[C@@H](O)C[C@]12C
327,DB00175,CC[C@H](C)C(=O)O[C@H]1C[C@H](O)C=C2C=C[C@H](C)[C@H](CC[C@@H](O)C[C@@H](O)CC(=O)O)[C@H]21
328,DB00180,CC1(C)O[C@@H]2C[C@H]3[C@@H]4C[C@H](F)C5=CC(=O)C=C[C@]5(C)[C@H]4[C@@H](O)C[C@]3(C)[C@]2(C(=O)CO)O1
329,DB00457,COc1cc2nc(N3CCN(C(=O)c4ccco4)CC3)nc(N)c2cc1OC
330,DB00709,Nc1ccn([C@@H]2CS[C@H](CO)O2)c(=O)n1
331,DB00115,C/C1=C2/N=C(/C=C3\N=C(/C(C)=C4\[N-][C@@](C)([C@@H]5N=C1[C@](C)(CCC(=O)NC[C@@H](C)OP(=O)([O-])O[C@@H]1[C@@H](CO)O[C@H](n6cnc7cc(C)c(C)cc76)[C@@H]1O)[C@H]5CC(N)=O)[C@@](C)(CC(N)=O)[C@@H]4CCC(N)=O)[C@@](C)(CC(N)=O)[C@@H]3CCC(N)=O)C(C)(C)[C@@H]2CCC(N)=O.[C-]#N.[Co+3]
332,DB01224,OCCOCCN1CCN(C2=Nc3ccccc3Sc3ccccc32)CC1
333,DB01278,CC[C@H](C)[C@H](NC(=O)[C@@H]1CCCN1C(=O)CNC(=O)[C@H](Cc1ccccc1)NC(=O)[C@H](CC(N)=O)NC(=O)[C@H](CC(N)=O)NC(=O)[C@H](CO)NC(=O)[C@H](CO)NC(=O)[C@H](Cc1cnc[nH]1)NC(=O)[C@@H](NC(=O)[C@H](CC(C)C)NC(=O)[C@H](Cc1ccccc1)NC(=O)[C@H](CC(N)=O)NC(=O)[C@H](C)NC(=O)[C@H](CC(C)C)NC(=O)[C@H](CCCNC(=N)N)NC(=O)[C@H](CCC(N)=O)NC(=O)[C@@H](NC(=O)[C@H](C)NC(=O)[C@@H]1CSSC[C@H](NC(=O)[C@@H](N)CCCCN)C(=O)N[C@@H](CC(N)=O)C(=O)N[C@@H]([C@@H](C)O)C(=O)N[C@@H](C)C(=O)N[C@@H]([C@@H](C)O)C(=O)N1)[C@@H](C)O)C(C)C)C(=O)N[C@@H](CC(C)C)C(=O)N1CCC[C@H]1C(=O)N1CCC[C@H]1C(=O)N[C@H](C(=O)N[C@@H](CC(N)=O)C(=O)N[C@H](C(=O)NCC(=O)N[C@@H](CO)C(=O)N[C@@H](CC(N)=O)C(=O)N[C@H](C(=O)N[C@@H](Cc1ccc(O)cc1)C(N)=O)[C@@H](C)O)C(C)C)[C@@H](C)O
334,DB00182,CC(N)Cc1ccccc1
335,DB00177,CCCCC(=O)N(Cc1ccc(-c2ccccc2-c2nn[nH]n2)cc1)[C@H](C(=O)O)C(C)C
336,DB00557,OCCOCCN1CCN(C(c2ccccc2)c2ccc(Cl)cc2)CC1
337,DB01023,CCOC(=O)C1=C(C)NC(C)=C(C(=O)OC)C1c1cccc(Cl)c1Cl
338,DB00316,CC(=O)Nc1ccc(O)cc1
339,DB01364,CN[C@@H](C)[C@H](O)c1ccccc1
340,DB00604,COc1cc(N)c(Cl)cc1C(=O)N[C@@H]1CCN(CCCOc2ccc(F)cc2)C[C@@H]1OC
341,DB01030,CC[C@@]1(O)C(=O)OCc2c1cc1n(c2=O)Cc2cc3c(CN(C)C)c(O)ccc3nc2-1
342,DB00762,CCc1c2c(nc3ccc(OC(=O)N4CCC(N5CCCCC5)CC4)cc13)-c1cc3c(c(=O)n1C2)COC(=O)[C@]3(O)CC
343,DB02659,C[C@H](CCC(=O)O)[C@H]1CC[C@H]2[C@H]3[C@H](C[C@H](O)[C@@]21C)[C@@]1(C)CC[C@@H](O)C[C@H]1C[C@H]3O
344,DB09300,CCCC[N+]1(C)[C@H]2C[C@H](OC(=O)[C@H](CO)c3ccccc3)C[C@@H]1[C@H]1O[C@@H]21
345,DB00445,COc1cccc2c1C(=O)c1c(O)c3c(c(O)c1C2=O)C[C@@](O)(C(=O)CO)C[C@@H]3O[C@H]1C[C@H](N)[C@@H](O)[C@H](C)O1
346,DB01956,NCCS(=O)(=O)O
347,DB00525,Cc1cccc(N(C)C(=S)Oc2ccc3ccccc3c2)c1
348,DB06710,C[C@]1(O)CC[C@H]2[C@@H]3CCC4=CC(=O)CC[C@]4(C)[C@H]3CC[C@@]21C
349,DB01108,C[C@]12CC[C@H]3[C@@H](CC[C@@]45O[C@@H]4C(O)=C(C#N)C[C@]35C)[C@@H]1CC[C@@H]2O
350,DB01169,O=[As]O[As]=O
351,DB00982,CC1=C(/C=C/C(C)=C/C=C/C(C)=C\C(=O)O)C(C)(C)CCC1
352,DB00648,Clc1ccc(C(c2ccccc2Cl)C(Cl)Cl)cc1
353,DB00663,C[C@@H]1C[C@H]2[C@@H]3C[C@H](F)C4=CC(=O)C=C[C@]4(C)[C@@]3(F)[C@@H](O)C[C@]2(C)[C@@]1(O)C(=O)CO
354,DB01558,O=C1CN=C(c2ccccn2)c2cc(Br)ccc2N1
355,DB06809,c1cc(CN2CCCNCCNCCCNCC2)ccc1CN1CCCNCCNCCCNCC1
356,DB00205,CCc1nc(N)nc(N)c1-c1ccc(Cl)cc1
357,DB00187,COC(=O)CCc1ccc(OCC(O)CNC(C)C)cc1
358,DB00800,Oc1ccc(C2CNCCc3c2cc(O)c(O)c3Cl)cc1
359,DB00188,CC(C)C[C@H](NC(=O)[C@H](Cc1ccccc1)NC(=O)c1cnccn1)B(O)O
360,DB01100,O=c1[nH]c2ccccc2n1C1CCN(CCCC(c2ccc(F)cc2)c2ccc(F)cc2)CC1
361,DB00484,Brc1c(NC2=NCCN2)ccc2nccnc12
362,DB01054,CCOC(=O)C1=C(C)NC(C)=C(C(=O)OC)C1c1cccc([N+](=O)[O-])c1
363,DB00880,NS(=O)(=O)c1cc2c(cc1Cl)NC=NS2(=O)=O
364,DB06216,CN1CC2c3ccccc3Oc3ccc(Cl)cc3C2C1.O=C(O)/C=C\C(=O)O
365,DB14543,CCCC(=O)O[C@]1(C(=O)COC(=O)CC)CC[C@H]2[C@@H]3CCC4=CC(=O)CC[C@]4(C)[C@H]3[C@@H](O)C[C@@]21C
366,DB00859,CC(C)(S)[C@@H](N)C(=O)O
367,DB01162,COc1cc2nc(N3CCN(C(=O)C4CCCO4)CC3)nc(N)c2cc1OC
368,DB01156,CC(NC(C)(C)C)C(=O)c1cccc(Cl)c1
369,DB09293,[131I-]
370,DB00437,Oc1ncnc2[nH]ncc12
371,DB01185,C[C@]1(O)CC[C@H]2[C@@H]3CCC4=CC(=O)CC[C@]4(C)[C@@]3(F)[C@@H](O)C[C@@]21C
372,DB00624,C[C@]12CC[C@H]3[C@@H](CCC4=CC(=O)CC[C@@]43C)[C@@H]1CC[C@@H]2O
373,DB01595,O=C1CN=C(c2ccccc2)c2cc([N+](=O)[O-])ccc2N1
374,DB01230,NC1=NC(=O)C(c2ccccc2)O1
375,DB06176,C/C=C1\NC(=O)[C@H]2CSSCC/C=C/[C@H](CC(=O)N[C@H](C(C)C)C(=O)N2)OC(=O)[C@H](C(C)C)NC1=O
376,DB00850,OCCN1CCN(CCCN2c3ccccc3Sc3ccc(Cl)cc32)CC1
377,DB08824,COC(=O)[C@H]1[C@@H](c2ccc([123I])cc2)C[C@@H]2CC[C@H]1N2CCCF
378,DB04339,N[C@@H](CSCC(=O)O)C(=O)O
379,DB00651,Cn1c(=O)c2c(ncn2CC(O)CO)n(C)c1=O
380,DB00426,CC(=O)OCC(CCn1cnc2cnc(N)nc21)COC(C)=O
381,DB00271,CC(=O)Nc1c(I)c(NC(C)=O)c(I)c(C(=O)O)c1I
382,DB00275,CCCc1nc(C(C)(C)O)c(C(=O)O)n1Cc1ccc(-c2ccccc2-c2nnn[nH]2)cc1
383,DB01035,CCN(CC)CCNC(=O)c1ccc(N)cc1
384,DB01250,O=C(O)c1cc(/N=N/c2ccc(O)c(C(=O)O)c2)ccc1O
385,DB01189,FC(F)OC(F)C(F)(F)F
386,DB00655,C[C@]12CC[C@@H]3c4ccc(O)cc4CC[C@H]3[C@@H]1CCC2=O
387,DB12877,O=c1[nH]c2ccccc2n1CCCN1CCN(C(c2ccccc2)c2ccccc2)CC1
388,DB00811,NC(=O)c1ncn([C@@H]2O[C@H](CO)[C@@H](O)[C@H]2O)n1
389,DB00318,COc1ccc2c3c1O[C@H]1[C@@H](O)C=C[C@H]4[C@@H](C2)N(C)CC[C@]314
390,DB00615,CO[C@H]1/C=C/O[C@@]2(C)Oc3c(C)c(O)c4c(c3C2=O)C2=NC3(CCN(CC(C)C)CC3)NC2=C(NC(=O)/C(C)=C\C=C\[C@H](C)[C@H](O)[C@@H](C)[C@@H](O)[C@@H](C)[C@H](OC(C)=O)[C@@H]1C)C4=O
391,DB06823,CC(S)C(=O)NCC(=O)O
392,DB00221,CCC(NC(C)C)C(O)c1ccc(O)c(O)c1
393,DB00196,OC(Cn1cncn1)(Cn1cncn1)c1ccc(F)cc1F
394,DB00594,N=C(N)NC(=O)c1nc(Cl)c(N)nc1N
395,DB00332,CC(C)[N+]1(C)[C@H]2CC[C@@H]1C[C@H](OC(=O)C(CO)c1ccccc1)C2
396,DB01129,COCCCOc1ccnc(C[S+]([O-])c2nc3ccccc3[nH]2)c1C
397,DB01291,CC(C)(C)NCC(O)c1ccc(O)c(CO)n1
398,DB09128,O=c1ccc2ccc(OCCCCN3CCN(c4cccc5sccc45)CC3)cc2[nH]1
399,DB08860,O=C(O)C[C@H](O)C[C@H](O)/C=C/c1c(C2CC2)nc2ccccc2c1-c1ccc(F)cc1
400,DB07615,COc1ccc(/C=C/C(=O)Nc2ccccc2C(=O)O)cc1OC
401,DB01001,CC(C)(C)NCC(O)c1ccc(O)c(CO)c1
402,DB00938,OCc1cc(C(O)CNCCCCCCOCCCCc2ccccc2)ccc1O
403,DB08835,CC(=O)N[C@@H](CC(=O)N[C@@H](CCC(=O)O)C(=O)O)C(=O)O
404,DB00204,CN(CCOc1ccc(NS(C)(=O)=O)cc1)CCc1ccc(NS(C)(=O)=O)cc1
405,DB08907,Cc1ccc([C@@H]2O[C@H](CO)[C@@H](O)[C@H](O)[C@H]2O)cc1Cc1ccc(-c2ccc(F)cc2)s1
406,DB00986,C[N+]1(C)CCC(OC(=O)C(O)(c2ccccc2)C2CCCC2)C1
407,DB06595,CO[C@@H]1[C@H](N(C)C(=O)c2ccccc2)C[C@H]2O[C@]1(C)n1c3ccccc3c3c4c(c5c6ccccc6n2c5c31)C(=O)NC4
408,DB01244,CC(C)COCC(CN(Cc1ccccc1)c1ccccc1)N1CCCC1
409,DB00983,COc1ccc(CC(C)NCC(O)c2ccc(O)c(NC=O)c2)cc1
410,DB00550,CCCc1cc(=O)[nH]c(=S)[nH]1
411,DB00186,O=C1Nc2ccc(Cl)cc2C(c2ccccc2Cl)=NC1O
412,DB00869,CCN[C@H]1C[C@H](C)S(=O)(=O)c2sc(S(N)(=O)=O)cc21
413,DB06209,CC(=O)Oc1cc2c(s1)CCN(C(C(=O)C1CC1)c1ccccc1F)C2
414,DB00904,Cc1nccn1CC1CCc2c(c3ccccc3n2C)C1=O
415,DB00279,N[C@@H](Cc1cc(I)c(Oc2ccc(O)c(I)c2)c(I)c1)C(=O)O
416,DB00529,O=C(O)P(=O)(O)O
417,DB00267,CO/N=C(\C(=O)N[C@@H]1C(=O)N2C(C(=O)O)=C(CSc3nnnn3C)CS[C@H]12)c1csc(N)n1
418,DB00436,NS(=O)(=O)c1cc2c(cc1C(F)(F)F)NC(Cc1ccccc1)NS2(=O)=O
419,DB00553,COc1c2occc2cc2ccc(=O)oc12
420,DB01047,CC(=O)OCC(=O)[C@@]12OC(C)(C)O[C@@H]1C[C@H]1[C@@H]3C[C@H](F)C4=CC(=O)C=C[C@]4(C)[C@@]3(F)[C@@H](O)C[C@@]12C
421,DB01223,Cn1c(=O)c2[nH]cnc2n(C)c1=O.Cn1c(=O)c2[nH]cnc2n(C)c1=O.NCCN
422,DB00905,CCNC(=O)CCC/C=C\C[C@H]1[C@@H](O)C[C@@H](O)[C@@H]1/C=C/[C@@H](O)CCc1ccccc1
423,DB00901,Cc1ccc(C(=O)Oc2ccc(C(O)CNC(C)(C)C)cc2OC(=O)c2ccc(C)cc2)cc1
424,DB11817,CCS(=O)(=O)N1CC(CC#N)(n2cc(-c3ncnc4[nH]ccc34)cn2)C1
425,DB01141,CCCCCOc1ccc(-c2cc(-c3ccc(C(=O)N[C@H]4C[C@@H](O)[C@@H](O)NC(=O)[C@@H]5[C@@H](O)[C@@H](C)CN5C(=O)[C@H]([C@H](O)CC(N)=O)NC(=O)[C@H]([C@H](O)[C@@H](O)c5ccc(O)c(OS(=O)(=O)O)c5)NC(=O)[C@@H]5C[C@@H](O)CN5C(=O)[C@H]([C@@H](C)O)NC4=O)cc3)no2)cc1
426,DB08881,CCCS(=O)(=O)Nc1ccc(F)c(C(=O)c2c[nH]c3ncc(-c4ccc(Cl)cc4)cc23)c1F
427,DB09220,O=C(NCCO[N+](=O)[O-])c1cccnc1
428,DB00871,CC(C)(C)NCC(O)c1cc(O)cc(O)c1
429,DB00449,CNCC(O)c1ccc(OC(=O)C(C)(C)C)c(OC(=O)C(C)(C)C)c1
430,DB08803,Cc1ccc(C(C)C)c(OCC2=NCCN2)c1
431,DB00591,CC1(C)O[C@@H]2C[C@H]3[C@@H]4C[C@H](F)C5=CC(=O)C=C[C@]5(C)[C@@]4(F)[C@@H](O)C[C@]3(C)[C@]2(C(=O)CO)O1
432,DB00796,CCOc1nc2cccc(C(=O)OC(C)OC(=O)OC3CCCCC3)c2n1Cc1ccc(-c2ccccc2-c2nnn[nH]2)cc1
433,DB00287,CC(C)OC(=O)CCC/C=C\C[C@H]1[C@@H](O)C[C@@H](O)[C@@H]1/C=C/[C@@H](O)COc1cccc(C(F)(F)F)c1
434,DB01262,Nc1ncn([C@H]2C[C@H](O)[C@@H](CO)O2)c(=O)n1
435,DB00915,NC12CC3CC(CC(C3)C1)C2
436,DB00583,C[N+](C)(C)C[C@H](O)CC(=O)[O-]
437,DB00799,CCOC(=O)c1ccc(C#Cc2ccc3c(c2)C(C)(C)CCS3)nc1
438,DB00307,C=C(c1ccc(C(=O)O)cc1)c1cc2c(cc1C)C(C)(C)CCC2(C)C
439,DB00957,C#C[C@]1(OC(C)=O)CC[C@H]2[C@@H]3CCC4=C/C(=N/O)CC[C@@H]4[C@H]3CC[C@@]21CC
440,DB00337,CC[C@@H]1/C=C(\C)C[C@H](C)C[C@H](OC)[C@H]2O[C@@](O)(C(=O)C(=O)N3CCCC[C@H]3C(=O)O[C@H](/C(C)=C/[C@@H]3CC[C@H](Cl)[C@H](OC)C3)[C@H](C)[C@@H](O)CC1=O)[C@H](C)C[C@@H]2OC
441,DB00863,CNC(=C[N+](=O)[O-])NCCSCc1ccc(CN(C)C)o1
442,DB00845,CC(C)N=c1cc2n(-c3ccc(Cl)cc3)c3ccccc3nc-2cc1Nc1ccc(Cl)cc1
443,DB00654,CC(C)OC(=O)CCC/C=C\C[C@H]1[C@@H](O)C[C@@H](O)[C@@H]1CC[C@@H](O)CCc1ccccc1
444,DB00973,O=C1[C@H](CC[C@H](O)c2ccc(F)cc2)[C@@H](c2ccc(O)cc2)N1c1ccc(F)cc1
445,DB00162,CC1=C(/C=C/C(C)=C/C=C/C(C)=C/CO)C(C)(C)CCC1
446,DB00535,C=CC1=C(C(=O)O)N2C(=O)[C@@H](NC(=O)/C(=N\O)c3csc(N)n3)[C@H]2SC1
447,DB11195,OC[C@H](O)[C@@H](O)[C@H](O)CO
448,DB01359,CC(C)(C)NC[C@H](O)COc1ccccc1C1CCCC1
449,DB08871,C=C1C[C@@H]2CC[C@@]34C[C@@H]5O[C@H]6[C@@H](O3)[C@H]3O[C@H](CC[C@@H]3O[C@H]6[C@H]5O4)CC(=O)C[C@H]3[C@H](C[C@H]4O[C@@H](CC[C@@H]1O2)C[C@@H](C)C4=C)O[C@H](C[C@H](O)CN)[C@@H]3OC
450,DB01406,C#C[C@]1(O)CC[C@H]2[C@@H]3CCC4=Cc5oncc5C[C@]4(C)[C@H]3CC[C@@]21C
451,DB01194,CCN[C@H]1CN(CCCOC)S(=O)(=O)c2sc(S(N)(=O)=O)cc21
452,DB00590,COc1cc2nc(N3CCN(C(=O)C4COc5ccccc5O4)CC3)nc(N)c2cc1OC
453,DB01193,CCCC(=O)Nc1ccc(OCC(O)CNC(C)C)c(C(C)=O)c1
454,DB00675,CC/C(=C(\c1ccccc1)c1ccc(OCCN(C)C)cc1)c1ccccc1
455,DB00374,CCCCC[C@H](O)CC[C@@H]1[C@H]2Cc3cccc(OCC(=O)O)c3C[C@H]2C[C@H]1O
456,DB00920,CN1CCC(=C2c3ccccc3CC(=O)c3sccc32)CC1
457,DB02546,O=C(CCCCCCC(=O)Nc1ccccc1)NO
458,DB00490,O=C1CC2(CCCC2)CC(=O)N1CCCCN1CCN(c2ncccn2)CC1
459,DB00744,CC(c1cc2ccccc2s1)N(O)C(N)=O
460,DB01177,CC(=O)[C@]1(O)Cc2c(O)c3c(c(O)c2[C@@H](O[C@H]2C[C@H](N)[C@H](O)[C@H](C)O2)C1)C(=O)c1ccccc1C3=O
461,DB00876,CCCCc1ncc(/C=C(\Cc2cccs2)C(=O)O)n1Cc1ccc(C(=O)O)cc1
462,DB01399,O=C(Oc1ccccc1C(=O)O)c1ccccc1O
463,DB00393,COCCOC(=O)C1=C(C)NC(C)=C(C(=O)OC(C)C)C1c1cccc([N+](=O)[O-])c1
464,DB00350,Nc1cc(N2CCCCC2)nc(N)[n+]1[O-]
465,DB00736,COc1ccc2[nH]c([S@@+]([O-])Cc3ncc(C)c(OC)c3C)nc2c1
466,DB08815,O=C1[C@H]2[C@@H]3CC[C@@H](C3)[C@H]2C(=O)N1C[C@@H]1CCCC[C@H]1CN1CCN(c2nsc3ccccc23)CC1
467,DB00325,[C-]#N.[C-]#N.[C-]#N.[C-]#N.[C-]#N.[Fe+4].[N-]=O
468,DB00471,CC(C)(O)c1ccccc1CC[C@@H](SCC1(CC(=O)O)CC1)c1cccc(/C=C/c2ccc3ccc(Cl)cc3n2)c1
469,DB01259,CS(=O)(=O)CCNCc1ccc(-c2ccc3ncnc(Nc4ccc(OCc5cccc(F)c5)c(Cl)c4)c3c2)o1
470,DB00364,O.O=S(=O)([O-])OC[C@H]1O[C@H](O[C@]2(COS(=O)(=O)[O-])O[C@H](COS(=O)(=O)[O-])[C@@H](OS(=O)(=O)[O-])[C@@H]2OS(=O)(=O)[O-])[C@H](OS(=O)(=O)[O-])[C@@H](OS(=O)(=O)[O-])[C@@H]1OS(=O)(=O)[O-].[Al+3].[Al+3].[Al+3].[Al+3].[Al+3].[Al+3].[Al+3].[Al+3].[Al+3].[OH-].[OH-].[OH-].[OH-].[OH-].[OH-].[OH-].[OH-].[OH-].[OH-].[OH-].[OH-].[OH-].[OH-].[OH-].[OH-].[OH-].[OH-].[OH-]
471,DB01246,CC(CN(C)C)CN1c2ccccc2Sc2ccccc21
472,DB00763,Cn1cc[nH]c1=S
473,DB00246,O=C1Cc2cc(CCN3CCN(c4nsc5ccccc45)CC3)c(Cl)cc2N1
474,DB09054,CC[C@H](Nc1ncnc2[nH]cnc12)c1nc2cccc(F)c2c(=O)n1-c1ccccc1
475,DB00080,CCCCCCCCCC(=O)N[C@@H](Cc1c[nH]c2ccccc12)C(=O)N[C@H](CC(N)=O)C(=O)N[C@@H](CC(=O)O)C(=O)N[C@@H]1C(=O)NCC(=O)N[C@@H](CCCN)C(=O)N[C@@H](CC(=O)O)C(=O)N[C@H](C)C(=O)N[C@@H](CC(=O)O)C(=O)NCC(=O)N[C@H](CO)C(=O)N[C@@H]([C@H](C)CC(=O)O)C(=O)N[C@@H](CC(=O)c2ccccc2N)C(=O)O[C@@H]1C
476,DB00351,CC(=O)O[C@]1(C(C)=O)CC[C@H]2[C@@H]3C=C(C)C4=CC(=O)CC[C@]4(C)[C@H]3CC[C@@]21C
477,DB00716,CCCc1c2oc(C(=O)O)cc(=O)c2cc2c(=O)cc(C(=O)O)n(CC)c12
478,DB00612,CC(C)NCC(O)COc1ccc(COCCOC(C)C)cc1
479,DB00408,CN1CCN(C2=Nc3ccccc3Oc3ccc(Cl)cc32)CC1
480,DB06636,CNCC(=O)OCc1cccnc1N(C)C(=O)OC(C)[n+]1cnn(C[C@](O)(c2cc(F)ccc2F)[C@@H](C)c2nc(-c3ccc(C#N)cc3)cs2)c1
481,DB06775,NC(=O)N[C@@H](CCC(=O)O)C(=O)O
482,DB01217,CC(C)(C#N)c1cc(Cn2cncn2)cc(C(C)(C)C#N)c1
483,DB00226,NC(N)=NCC1COC2(CCCCC2)O1
484,DB12770,O=C(C[S+]([O-])Cc1ccco1)NCC=CCOc1cc(CN2CCCCC2)ccn1
485,DB00908,C=C[C@H]1CN2CC[C@H]1C[C@@H]2[C@@H](O)c1ccnc2ccc(OC)cc12
486,DB00441,Nc1ccn([C@@H]2O[C@H](CO)[C@@H](O)C2(F)F)c(=O)n1
487,DB00193,COc1cccc([C@@]2(O)CCCC[C@@H]2CN(C)C)c1
488,DB06589,Cc1ccc(Nc2nccc(N(C)c3ccc4c(C)n(C)nc4c3)n2)cc1S(N)(=O)=O
489,DB01233,CCN(CC)CCNC(=O)c1cc(Cl)c(N)cc1OC
490,DB00768,CN(C)CC/C=C1/c2ccccc2COc2ccc(CC(=O)O)cc21
491,DB00114,Cc1ncc(COP(=O)(O)O)c(C=O)c1O
492,DB00710,CCCCCN(C)CCC(O)(P(=O)(O)O)P(=O)(O)O
493,DB00304,C#C[C@]1(O)CC[C@H]2[C@@H]3CCC4=CCCC[C@@H]4[C@H]3C(=C)C[C@@]21CC
494,DB01394,COc1cc2c(c(OC)c1OC)-c1ccc(OC)c(=O)cc1C(NC(C)=O)CC2
495,DB11191,CC1=C2N=C(C=C3N=C(C(C)=C4[N-][C@H]([C@H](CC([NH-])=O)[C@@]4(C)CCC(=O)NC[C@@H](C)OP(=O)([O-])O[C@@H]4[C@@H](CO)O[C@H](n5c[n+]([Co+2])c6cc(C)c(C)cc65)[C@@H]4O)[C@]4(C)N=C1[C@@H](CCC(N)=O)[C@]4(C)CC(N)=O)[C@@H](CCC(N)=O)C3(C)C)[C@@H](CCC(N)=O)[C@]2(C)CC(N)=O.C[C@H]1O[C@@H](n2cnc3c(N)ncnc32)[C@H](O)[C@@H]1O
496,DB00577,CC(C)[C@H](N)C(=O)OCCOCn1cnc2c(=O)nc(N)[nH]c21
497,DB08804,CCCCCCCCCC(=O)O[C@H]1CC[C@H]2[C@@H]3CCC4=CC(=O)CC[C@@H]4[C@H]3CC[C@]12C
498,DB09321,[O-2].[Zn+2]
499,DB00808,CC1Cc2ccccc2N1NC(=O)c1ccc(Cl)c(S(N)(=O)=O)c1
500,DB01004,Nc1nc2c(ncn2COC(CO)CO)c(=O)[nH]1
501,DB01577,CN[C@@H](C)Cc1ccccc1
502,DB00518,CCCSc1ccc2nc(NC(=O)OC)[nH]c2c1
503,DB01084,CCOCCn1c(N2CCCN(C)CC2)nc2ccccc21
504,DB01046,CCCCC(F)(F)[C@@]1(O)CC[C@H]2[C@@H](CC(=O)[C@@H]2CCCCCCC(=O)O)O1
505,DB00397,C[C@H](N)[C@H](O)c1ccccc1
506,DB00507,CC(=O)Oc1ccccc1C(=O)Nc1ncc([N+](=O)[O-])s1
507,DB00968,C[C@](N)(Cc1ccc(O)c(O)c1)C(=O)O
508,DB00843,COc1cc2c(cc1OC)C(=O)C(CC1CCN(Cc3ccccc3)CC1)C2
509,DB00549,COc1cc(C(=O)NS(=O)(=O)c2ccccc2C)ccc1Cc1cn(C)c2ccc(NC(=O)OC3CCCC3)cc12
510,DB00622,COC(=O)C1=C(C)NC(C)=C(C(=O)OCCN(C)Cc2ccccc2)C1c1cccc([N+](=O)[O-])c1
511,DB00584,CCOC(=O)[C@H](CCc1ccccc1)N[C@@H](C)C(=O)N1CCC[C@H]1C(=O)O
512,DB14002,CC(=O)Oc1c(C)c(C)c2c(c1C)CC[C@@](C)(CCC[C@H](C)CCC[C@H](C)CCCC(C)C)O2
513,DB00404,Cc1nnc2n1-c1ccc(Cl)cc1C(c1ccccc1)=NC2
514,DB00367,C#C[C@]1(O)CC[C@H]2[C@@H]3CCC4=CC(=O)CC[C@@H]4[C@H]3CC[C@@]21CC
515,DB11190,CC(C)(CO)[C@@H](O)C(=O)NCCC(=O)NCCSSCCNC(=O)CCNC(=O)[C@H](O)C(C)(C)CO
516,DB08872,CC(OC(=O)NCC1(CC(=O)O)CCCCC1)OC(=O)C(C)C
517,DB01151,CNCCCN1c2ccccc2CCc2ccccc21
518,DB00650,Nc1nc2c(c(=O)[nH]1)N(C=O)C(CNc1ccc(C(=O)N[C@@H](CCC(=O)O)C(=O)O)cc1)CN2
519,DB00355,C[C@H]1[C@H](NC(=O)/C(=N\OC(C)(C)C(=O)O)c2csc([NH3+])n2)C(=O)N1S(=O)(=O)[O-]
520,DB01505,CCOC(=O)C1(c2ccccc2)CCN(CCOCCO)CC1
521,DB00428,CN(N=O)C(=O)N[C@H]1[C@@H](O)O[C@H](CO)[C@@H](O)[C@@H]1O
522,DB08799,c1ccc(CN(CC2=NCCN2)c2ccccc2)cc1
523,DB08901,Cc1ccc(C(=O)Nc2ccc(CN3CCN(C)CC3)c(C(F)(F)F)c2)cc1C#Cc1cnc2cccnn12
524,DB00280,CC(C)N(CCC(C(N)=O)(c1ccccc1)c1ccccn1)C(C)C
525,DB11952,C[C@H](Nc1ncnc2[nH]cnc12)c1cc2cccc(Cl)c2c(=O)n1-c1ccccc1
526,DB00984,C[C@]12CC[C@@H]3[C@H]4CCC(=O)C=C4CC[C@H]3[C@@H]1CC[C@@H]2OC(=O)CCc1ccccc1
527,DB01255,C[C@@H](Cc1ccccc1)NC(=O)[C@@H](N)CCCCN
528,DB09006,CCC(C)(Oc1ccc(C2(c3ccc(OC(C)(CC)C(=O)O)cc3)CCCCC2)cc1)C(=O)O
529,DB05528,COCCO[C@@H]1[C@H](O)[C@@H](COP(=O)(S)O[C@@H]2[C@@H](COP(=O)(S)O[C@@H]3[C@@H](COP(=O)(S)O[C@@H]4[C@@H](COP(=O)(S)O[C@@H]5[C@@H](COP(=O)(S)O[C@H]6C[C@H](n7cc(C)c(N)nc7=O)O[C@@H]6COP(=O)(S)O[C@H]6C[C@H](n7cc(C)c(=O)[nH]c7=O)O[C@@H]6COP(=O)(S)O[C@H]6C[C@H](n7cc(C)c(=O)[nH]c7=O)O[C@@H]6COP(=O)(S)O[C@H]6C[C@H](n7cc(C)c(N)nc7=O)O[C@@H]6COP(=O)(S)O[C@H]6C[C@H](n7cnc8c(=O)[nH]c(N)nc87)O[C@@H]6COP(=O)(S)O[C@H]6C[C@H](n7cc(C)c(=O)[nH]c7=O)O[C@@H]6COP(=O)(S)O[C@H]6C[C@H](n7cc(C)c(N)nc7=O)O[C@@H]6COP(=O)(S)O[C@H]6C[C@H](n7cc(C)c(=O)[nH]c7=O)O[C@@H]6COP(=O)(S)O[C@H]6C[C@H](n7cnc8c(=O)[nH]c(N)nc87)O[C@@H]6COP(=O)(S)O[C@H]6C[C@H](n7cnc8c(N)ncnc87)O[C@@H]6COP(=O)(S)O[C@@H]6[C@@H](COP(=O)(S)O[C@@H]7[C@@H](COP(=O)(S)O[C@@H]8[C@@H](COP(=O)(S)O[C@@H]9[C@@H](COP(=O)(S)O[C@@H]%10[C@@H](CO)O[C@@H](n%11cnc%12c(=O)[nH]c(N)nc%12%11)[C@@H]%10OCCOC)O[C@@H](n%10cc(C)c(N)nc%10=O)[C@@H]9OCCOC)O[C@@H](n9cc(C)c(N)nc9=O)[C@@H]8OCCOC)O[C@@H](n8cc(C)c(=O)[nH]c8=O)[C@@H]7OCCOC)O[C@@H](n7cc(C)c(N)nc7=O)[C@@H]6OCCOC)O[C@@H](n6cnc7c(=O)[nH]c(N)nc76)[C@@H]5OCCOC)O[C@@H](n5cc(C)c(N)nc5=O)[C@@H]4OCCOC)O[C@@H](n4cnc5c(N)ncnc54)[C@@H]3OCCOC)O[C@@H](n3cc(C)c(N)nc3=O)[C@@H]2OCCOC)O[C@H]1n1cc(C)c(N)nc1=O
530,DB00822,CCN(CC)C(=S)SSC(=S)N(CC)CC
531,DB00185,CC1O[C@@]2(CS1)CN1CCC2CC1
532,DB09230,CC1=C(C(=O)OC(C)C)C(c2cccc([N+](=O)[O-])c2)C(C(=O)OC2CN(C(c3ccccc3)c3ccccc3)C2)=C(N)N1
533,DB06414,Cc1cc(C#N)cc(C)c1Oc1nc(Nc2ccc(C#N)cc2)nc(N)c1Br
534,DB00317,COc1cc2ncnc(Nc3ccc(F)c(Cl)c3)c2cc1OCCCN1CCOCC1
535,DB00704,O=C1CC[C@@]2(O)[C@H]3Cc4ccc(O)c5c4[C@@]2(CCN3CC2CC2)[C@H]1O5
536,DB06412,C[C@]12C/C(=C/O)C(=O)C[C@@H]1CC[C@@H]1[C@@H]2CC[C@@]2(C)[C@H]1CC[C@]2(C)O
537,DB00638,OC[C@H]1O[C@H](O[C@]2(CO[C@]3(CO[C@]4(CO[C@]5(CO[C@]6(CO[C@]7(CO[C@]8(CO[C@]9(CO[C@]%10(CO[C@]%11(CO[C@]%12(CO[C@]%13(CO[C@]%14(CO[C@]%15(CO[C@]%16(CO[C@]%17(CO[C@]%18(CO[C@]%19(CO[C@]%20(CO[C@]%21(CO[C@]%22(CO[C@]%23(CO[C@]%24(CO[C@]%25(CO[C@]%26(CO[C@]%27(CO[C@]%28(CO[C@]%29(CO[C@]%30(CO[C@]%31(CO[C@]%32(CO[C@]%33(CO[C@]%34(CO[C@]%35(CO[C@]%36(CO[C@]%37(CO[C@]%38(CO)O[C@H](CO)[C@@H](O)[C@@H]%38O)O[C@H](CO)[C@@H](O)[C@@H]%37O)O[C@H](CO)[C@@H](O)[C@@H]%36O)O[C@H](CO)[C@@H](O)[C@@H]%35O)O[C@H](CO)[C@@H](O)[C@@H]%34O)O[C@H](CO)[C@@H](O)[C@@H]%33O)O[C@H](CO)[C@@H](O)[C@@H]%32O)O[C@H](CO)[C@@H](O)[C@@H]%31O)O[C@H](CO)[C@@H](O)[C@@H]%30O)O[C@H](CO)[C@@H](O)[C@@H]%29O)O[C@H](CO)[C@@H](O)[C@@H]%28O)O[C@H](CO)[C@@H](O)[C@@H]%27O)O[C@H](CO)[C@@H](O)[C@@H]%26O)O[C@H](CO)[C@@H](O)[C@@H]%25O)O[C@H](CO)[C@@H](O)[C@@H]%24O)O[C@H](CO)[C@@H](O)[C@@H]%23O)O[C@H](CO)[C@@H](O)[C@@H]%22O)O[C@H](CO)[C@@H](O)[C@@H]%21O)O[C@H](CO)[C@@H](O)[C@@H]%20O)O[C@H](CO)[C@@H](O)[C@@H]%19O)O[C@H](CO)[C@@H](O)[C@@H]%18O)O[C@H](CO)[C@@H](O)[C@@H]%17O)O[C@H](CO)[C@@H](O)[C@@H]%16O)O[C@H](CO)[C@@H](O)[C@@H]%15O)O[C@H](CO)[C@@H](O)[C@@H]%14O)O[C@H](CO)[C@@H](O)[C@@H]%13O)O[C@H](CO)[C@@H](O)[C@@H]%12O)O[C@H](CO)[C@@H](O)[C@@H]%11O)O[C@H](CO)[C@@H](O)[C@@H]%10O)O[C@H](CO)[C@@H](O)[C@@H]9O)O[C@H](CO)[C@@H](O)[C@@H]8O)O[C@H](CO)[C@@H](O)[C@@H]7O)O[C@H](CO)[C@@H](O)[C@@H]6O)O[C@H](CO)[C@@H](O)[C@@H]5O)O[C@H](CO)[C@@H](O)[C@@H]4O)O[C@H](CO)[C@@H](O)[C@@H]3O)O[C@H](CO)[C@@H](O)[C@@H]2O)[C@H](O)[C@@H](O)[C@@H]1O
538,DB00352,Nc1nc(=S)c2[nH]cnc2[nH]1
539,DB00191,CC(C)(N)Cc1ccccc1
540,DB01611,CCN(CCO)CCCC(C)Nc1ccnc2cc(Cl)ccc12
541,DB11644,O=C(O)c1ccc2nc(-c3cc(Cl)cc(Cl)c3)oc2c1
542,DB01378,[Mg+2]
543,DB00900,O=c1nc[nH]c2c1ncn2[C@H]1CC[C@@H](CO)O1
544,DB01119,CC1=NS(=O)(=O)c2cc(Cl)ccc2N1
545,DB01114,CN(C)CCC(c1ccc(Cl)cc1)c1ccccn1
546,DB00772,CCOC(=O)CC(SP(=S)(OC)OC)C(=O)OCC
547,DB08896,CNC(=O)c1cc(Oc2ccc(NC(=O)Nc3ccc(Cl)c(C(F)(F)F)c3)c(F)c2)ccn1
548,DB01544,CN1C(=O)CN=C(c2ccccc2F)c2cc([N+](=O)[O-])ccc21
549,DB00731,CC(C)[C@H]1CC[C@H](C(=O)N[C@H](Cc2ccccc2)C(=O)O)CC1
550,DB01065,COc1ccc2[nH]cc(CCNC(C)=O)c2c1
551,DB09038,OC[C@H]1O[C@@H](c2ccc(Cl)c(Cc3ccc(O[C@H]4CCOC4)cc3)c2)[C@H](O)[C@@H](O)[C@@H]1O
552,DB00210,COc1ccc(-c2ccc3cc(C(=O)O)ccc3c2)cc1C12CC3CC(CC(C3)C1)C2
553,DB09221,NCCC(=O)[N-][C@@H](Cc1cnc[nH]1)C(=O)[O-].[Zn+2]
554,DB00324,CC(=O)[C@@]1(O)CC[C@H]2[C@@H]3C[C@H](C)C4=CC(=O)C=C[C@]4(C)[C@@]3(F)[C@@H](O)C[C@@]21C
555,DB00985,CN(C)CCOC(c1ccccc1)c1ccccc1.Cn1c(=O)c2nc(Cl)[nH]c2n(C)c1=O
556,DB00198,CCOC(=O)C1=C[C@@H](OC(CC)CC)[C@H](NC(C)=O)[C@@H](N)C1
557,DB01351,CCC1(CCC(C)C)C(=O)NC(=O)NC1=O
558,DB00308,CCCCCCCN(CC)CCCC(O)c1ccc(NS(C)(=O)=O)cc1
559,DB00314,C[C@@H]1NC(=O)[C@@H](N)CNC(=O)[C@H]([C@H]2CCN=C(N)N2)NC(=O)/C(=C\NC(N)=O)NC(=O)[C@H](CNC(=O)C[C@@H](N)CCCN)NC1=O.NCCC[C@H](N)CC(=O)NC[C@@H]1NC(=O)[C@H](CO)NC(=O)[C@@H](N)CNC(=O)[C@H]([C@H]2CCN=C(N)N2)NC(=O)/C(=C\NC(N)=O)NC1=O
560,DB06203,Cn1c(=O)cc(N2CCC[C@@H](N)C2)n(Cc2ccccc2C#N)c1=O
561,DB04868,Cc1cn(-c2cc(NC(=O)c3ccc(C)c(Nc4nccc(-c5cccnc5)n4)c3)cc(C(F)(F)F)c2)cn1
562,DB06770,OCc1ccccc1
563,DB01016,COc1ccc(Cl)cc1C(=O)NCCc1ccc(S(=O)(=O)NC(=O)NC2CCCCC2)cc1
564,DB01006,N#Cc1ccc(C(c2ccc(C#N)cc2)n2cncn2)cc1
565,DB14539,CC(=O)OCC(=O)[C@@]1(O)CC[C@H]2[C@@H]3CCC4=CC(=O)CC[C@]4(C)[C@H]3[C@@H](O)C[C@@]21C
566,DB00625,O=C1Nc2ccc(Cl)cc2[C@@](C#CC2CC2)(C(F)(F)F)O1
567,DB00882,CCN(CC)CCOc1ccc(C(=C(Cl)c2ccccc2)c2ccccc2)cc1
568,DB06700,CN(C)CC(c1ccc(O)cc1)C1(O)CCCCC1
569,DB00412,CN(CCOc1ccc(CC2SC(=O)NC2=O)cc1)c1ccccn1
570,DB09034,Cc1ccc(-n2nccn2)c(C(=O)N2CCN(c3nc4cc(Cl)ccc4o3)CC[C@H]2C)c1
571,DB05990,CC[C@@H]1[C@@H]2C[C@H](O)CC[C@]2(C)[C@H]2CC[C@@]3(C)[C@@H](CC[C@@H]3[C@H](C)CCC(=O)O)[C@@H]2[C@@H]1O
572,DB06739,CC1=C(C)C(=O)C(C(CCCCCC(=O)O)c2ccccc2)=C(C)C1=O
573,DB04854,Cc1nc(-c2ccc(OCC(C)C)c(C#N)c2)sc1C(=O)O
574,DB00917,CCCCC[C@H](O)/C=C/[C@H]1[C@H](O)CC(=O)[C@@H]1C/C=C\CCCC(=O)O
575,DB00125,N=C(N)NCCC[C@H](N)C(=O)O
576,DB09296,COC(=O)N[C@H](C(=O)N1CCC[C@H]1C(=O)Nc1ccc([C@@H]2CC[C@@H](c3ccc(NC(=O)[C@@H]4CCCN4C(=O)[C@@H](NC(=O)OC)C(C)C)cc3)N2c2ccc(C(C)(C)C)cc2)cc1)C(C)C
577,DB02300,C=C1/C(=C\C=C2/CCC[C@@]3(C)[C@H]2CC[C@@H]3[C@H](C)/C=C/[C@@H](O)C2CC2)C[C@@H](O)C[C@@H]1O
578,DB00208,Clc1ccccc1CN1CCc2sccc2C1
579,DB00688,COc1c(C)c2c(c(O)c1C/C=C(\C)CCC(=O)OCCN1CCOCC1)C(=O)OC2
580,DB00847,NCCS
581,DB11362,CC(C)N(CCCCOCC(=O)NS(C)(=O)=O)c1cnc(-c2ccccc2)c(-c2ccccc2)n1
582,DB00937,CCN(CC)C(C)C(=O)c1ccccc1
583,DB00384,Nc1nc(N)c2nc(-c3ccccc3)c(N)nc2n1
584,DB01237,CN(C)CCOC(c1ccccc1)c1ccc(Br)cc1
585,DB00289,CNCC[C@@H](Oc1ccccc1C)c1ccccc1
586,DB00276,COc1cc(NS(C)(=O)=O)ccc1Nc1c2ccccc2nc2ccccc12
587,DB00644,CC(C)CC(NC(=O)CNC(=O)C(Cc1ccc(O)cc1)NC(=O)C(CO)NC(=O)C(Cc1c[nH]c2ccccc12)NC(=O)C(Cc1cnc[nH]1)NC(=O)C1CCC(=O)N1)C(=O)NC(CCCN=C(N)N)C(=O)N1CCCC1C(=O)NCC(N)=O
588,DB01656,O=C(Nc1c(Cl)cncc1Cl)c1ccc(OC(F)F)c(OCC2CC2)c1
589,DB00907,COC(=O)[C@H]1[C@@H](OC(=O)c2ccccc2)C[C@@H]2CC[C@H]1N2C
590,DB08816,CCCSc1nc(N[C@@H]2C[C@H]2c2ccc(F)c(F)c2)c2nnn([C@@H]3C[C@H](OCCO)[C@@H](O)[C@H]3O)c2n1
591,DB00771,C[N@+]12CC[C@H](CC1)C(OC(=O)C(O)(c1ccccc1)c1ccccc1)C2
592,DB12319,CCc1oc2ccccc2c1C(=O)c1cc(Br)c(O)c(Br)c1
593,DB11921,CC(=O)OCC(=O)[C@@]12N=C(C)O[C@@H]1C[C@H]1[C@@H]3CCC4=CC(=O)C=C[C@]4(C)[C@H]3[C@@H](O)C[C@@]12C
594,DB04845,C/C(=C\c1csc(C)n1)[C@@H]1C[C@@H]2O[C@]2(C)CCC[C@H](C)[C@H](O)[C@@H](C)C(=O)C(C)(C)[C@@H](O)CC(=O)N1
595,DB00706,CCOc1ccccc1OCCN[C@H](C)Cc1ccc(OC)c(S(N)(=O)=O)c1
596,DB01267,Cc1nc2n(c(=O)c1CCN1CCC(c3noc4cc(F)ccc34)CC1)CCCC2O
597,DB00952,CNS(=O)(=O)CCc1ccc2[nH]cc(C3CCN(C)CC3)c2c1
598,DB00718,CC(C)(C)C(=O)OCOP(=O)(COCCn1cnc2c(N)ncnc21)OCOC(=O)C(C)(C)C
599,DB01215,Clc1ccc2c(c1)C(c1ccccc1)=NCc1nncn1-2
600,DB00975,OCCN(CCO)c1nc(N2CCCCC2)c2nc(N(CCO)CCO)nc(N3CCCCC3)c2n1
601,DB11450,COc1ccc(-c2nc3cc(C4=NNC(=O)CC4C)ccc3[nH]2)cc1
602,DB01017,CN(C)c1ccc(O)c2c1C[C@H]1C[C@H]3[C@H](N(C)C)C(O)=C(C(N)=O)C(=O)[C@@]3(O)C(O)=C1C2=O
603,DB01072,COC(=O)N[C@H](C(=O)N[C@@H](Cc1ccccc1)[C@@H](O)CN(Cc1ccc(-c2ccccn2)cc1)NC(=O)[C@@H](NC(=O)OC)C(C)(C)C)C(C)(C)C
604,DB00804,CCN(CC)CCOC(=O)C1(C2CCCCC2)CCCCC1
605,DB00382,Nc1c2c(nc3ccccc13)CCCC2
606,DB03796,CCCCCCCCCCCCCCCC(=O)O
607,DB00631,Nc1nc(Cl)nc2c1ncn2[C@@H]1O[C@H](CO)[C@@H](O)[C@@H]1F
608,DB01125,COc1ccc(C2C(=O)c3ccccc3C2=O)cc1
609,DB00834,CC#C[C@]1(O)CC[C@H]2[C@@H]3CCC4=CC(=O)CCC4=C3[C@@H](c3ccc(N(C)C)cc3)C[C@@]21C
610,DB00218,COc1c(N2C[C@@H]3CCCN[C@@H]3C2)c(F)cc2c(=O)c(C(=O)O)cn(C3CC3)c12
611,DB08909,O=C(CCCc1ccccc1)OCC(COC(=O)CCCc1ccccc1)OC(=O)CCCc1ccccc1
612,DB00939,Cc1ccc(Cl)c(Nc2ccccc2C(=O)O)c1Cl
613,DB00543,Clc1ccc2c(c1)C(N1CCNCC1)=Nc1ccccc1O2
614,DB00784,Cc1cccc(Nc2ccccc2C(=O)O)c1C
615,DB00414,CC(=O)c1ccc(S(=O)(=O)NC(=O)NC2CCCCC2)cc1
616,DB08880,C/C(O)=C(\C#N)C(=O)Nc1ccc(C(F)(F)F)cc1
617,DB01067,Cc1cnc(C(=O)NCCc2ccc(S(=O)(=O)NC(=O)NC3CCCCC3)cc2)cn1
618,DB00700,COC(=O)[C@@H]1CC2=CC(=O)CC[C@]2(C)[C@@]23O[C@@H]2C[C@@]2(C)[C@@H](CC[C@@]24CCC(=O)O4)[C@H]13
619,DB00925,CC(COc1ccccc1)N(CCCl)Cc1ccccc1
620,DB09040,C=C1CCN([C@H](C)[C@](O)(Cn2cncn2)c2ccc(F)cc2F)CC1
621,DB09041,OB1OCc2cc(F)ccc21
622,DB09096,O=C(OOC(=O)c1ccccc1)c1ccccc1
623,DB01093,C[S+](C)[O-]
624,DB01283,Cc1ccc(Nc2c(F)cccc2Cl)c(CC(=O)O)c1
625,DB00422,COC(=O)C(c1ccccc1)C1CCCCN1
626,DB09274,C[C@@H]1CC[C@H]2[C@@H](C)[C@H](OC(=O)CCC(=O)O)O[C@@H]3O[C@@]4(C)CC[C@@H]1[C@@]23OO4
627,DB01608,N#Cc1ccc2c(c1)N(CCCN1CCC(O)CC1)c1ccccc1S2
628,DB00761,[Cl-].[K+]
629,DB09073,CC(=O)c1c(C)c2cnc(Nc3ccc(N4CCNCC4)cn3)nc2n(C2CCCC2)c1=O
630,DB08890,C[C@@H]1NC(=O)[C@@H]2CCCN2C(=O)[C@H](CC(N)=O)NC(=O)[C@@H]2CSSC[C@H](N)C(=O)N[C@H]3CSSC[C@H](NC1=O)C(=O)N[C@@H]([C@@H](C)O)C(=O)NCC(=O)N[C@H](C(=O)N[C@@H](Cc1ccc(O)cc1)C(=O)O)CSSC[C@H](NC(=O)[C@H](Cc1ccc(O)cc1)NC(=O)[C@H](CCC(=O)O)NC3=O)C(=O)N2
631,DB00998,CN[C@@H]1CCc2[nH]c3ccc(C(N)=O)cc3c2C1
632,DB01128,CC(O)(CS(=O)(=O)c1ccc(F)cc1)C(=O)Nc1ccc(C#N)c(C(F)(F)F)c1
633,DB00963,Nc1c(CC(=O)O)cccc1C(=O)c1ccc(Br)cc1
634,DB05521,CCC[C@H](NC(=O)[C@@H]1[C@H]2CCC[C@H]2CN1C(=O)[C@@H](NC(=O)[C@@H](NC(=O)c1cnccn1)C1CCCCC1)C(C)(C)C)C(=O)C(=O)NC1CC1
635,DB00765,C[C@](N)(Cc1ccc(O)cc1)C(=O)O
636,DB00551,CC(=O)NO
637,DB06410,C=C1/C(=C\C=C2/CCC[C@@]3(C)[C@H]2CC[C@@H]3[C@H](C)/C=C/[C@H](C)C(C)C)C[C@@H](O)C[C@@H]1O
638,DB00251,CC(C)N1CCN(c2ccc(OC[C@H]3CO[C@](Cn4cncn4)(c4ccc(Cl)cc4Cl)O3)cc2)CC1
639,DB06768,CC(O)C(=O)[O-].[NH4+]
640,DB01032,CCCN(CCC)S(=O)(=O)c1ccc(C(=O)O)cc1
641,DB08932,CCCNS(=O)(=O)Nc1ncnc(OCCOc2ncc(Br)cn2)c1-c1ccc(Br)cc1
642,DB01628,Cc1ccc(-c2ncc(Cl)cc2-c2ccc(S(C)(=O)=O)cc2)cn1
643,DB00626,CC[C@H](C)[C@H](N)C1=N[C@H](C(=O)N[C@@H](CC(C)C)C(=O)N[C@H](CCC(=O)O)C(=O)N[C@H](C(=O)N[C@H]2CCCCNC(=O)[C@H](CC(N)=O)NC(=O)[C@@H](CC(=O)O)NC(=O)[C@H](Cc3c[nH]cn3)NC(=O)[C@@H](Cc3ccccc3)NC(=O)[C@H]([C@@H](C)CC)NC(=O)[C@@H](CCCN)NC2=O)[C@@H](C)CC)CS1
644,DB01252,O=C(O)[C@H](CC(=O)N1C[C@H]2CCCC[C@H]2C1)Cc1ccccc1
645,DB01012,C[C@@H](NCCCc1cccc(C(F)(F)F)c1)c1cccc2ccccc12
646,DB01133,O=P(O)(O)C(Sc1ccc(Cl)cc1)P(=O)(O)O
647,DB01113,COc1ccc(Cc2nccc3cc(OC)c(OC)cc23)cc1OC
648,DB01232,CC(C)(C)NC(=O)[C@@H]1C[C@@H]2CCCC[C@@H]2CN1C[C@@H](O)[C@H](Cc1ccccc1)NC(=O)[C@H](CC(N)=O)NC(=O)c1ccc2ccccc2n1
649,DB00200,CC1=C2N=C(C=C3N=C(C(C)=C4[N-][C@H]([C@H](CC(N)=O)[C@@]4(C)CCC(=O)NC[C@@H](C)OP(=O)([O-])O[C@@H]4[C@@H](CO)O[C@H](n5c[n+]([Co+2])c6cc(C)c(C)cc65)[C@@H]4O)[C@]4(C)N=C1[C@@H](CCC(N)=O)[C@]4(C)CC(N)=O)[C@@H](CCC(N)=O)C3(C)C)[C@@H](CCC(N)=O)[C@]2(C)CC(N)=O.[OH-]
650,DB00560,CN(C)c1cc(NC(=O)CNC(C)(C)C)c(O)c2c1C[C@H]1C[C@H]3[C@H](N(C)C)C(O)=C(C(N)=O)C(=O)[C@@]3(O)C(O)=C1C2=O
651,DB01142,CN(C)CCC=C1c2ccccc2COc2ccccc21
652,DB01476,O=C1CN2CCOC2(c2ccccc2F)c2cc(Br)ccc2N1
653,DB00679,CSc1ccc2c(c1)N(CCC1CCCCN1C)c1ccccc1S2
654,DB00442,C=C1[C@@H](n2cnc3c(=O)nc(N)[nH]c32)C[C@H](O)[C@H]1CO
655,DB06626,CNC(=O)c1ccccc1Sc1ccc2c(/C=C/c3ccccn3)n[nH]c2c1
656,DB00877,CO[C@H]1C[C@@H]2CC[C@@H](C)[C@@](O)(O2)C(=O)C(=O)N2CCCC[C@H]2C(=O)O[C@H]([C@H](C)C[C@@H]2CC[C@@H](O)[C@H](OC)C2)CC(=O)[C@H](C)/C=C(\C)[C@@H](O)[C@@H](OC)C(=O)[C@H](C)C[C@H](C)/C=C/C=C/C=C/1C
657,DB00238,Cc1ccnc2c1NC(=O)c1cccnc1N2C1CC1
658,DB00495,Cc1cn([C@H]2C[C@H](N=[N+]=[N-])[C@@H](CO)O2)c(=O)[nH]c1=O
659,DB00347,CN1C(=O)OC(C)(C)C1=O
660,DB00593,CCC1(C)CC(=O)NC1=O
661,DB09223,CCN1CCN(c2cc(-c3ccc(F)cc3)c3c(n2)CCCCCC3)CC1
662,DB01586,C[C@H](CCC(=O)O)[C@H]1CC[C@H]2[C@@H]3[C@@H](O)C[C@@H]4C[C@H](O)CC[C@]4(C)[C@H]3CC[C@@]21C
663,DB06201,NC(=O)c1cn(Cc2c(F)cccc2F)nn1
664,DB09477,C[C@H](N[C@@H](CCc1ccccc1)C(=O)O)C(=O)N1CCC[C@H]1C(=O)O
665,DB00569,CO[C@H]1O[C@H](COS(=O)(=O)O)[C@@H](O[C@@H]2O[C@@H](C(=O)O)[C@@H](O[C@H]3O[C@H](COS(=O)(=O)O)[C@@H](O[C@@H]4O[C@H](C(=O)O)[C@@H](O[C@H]5O[C@H](COS(=O)(=O)O)[C@@H](O)[C@H](O)[C@H]5NS(=O)(=O)O)[C@H](O)[C@H]4O)[C@H](OS(=O)(=O)O)[C@H]3NS(=O)(=O)O)[C@H](O)[C@H]2OS(=O)(=O)O)[C@H](O)[C@H]1NS(=O)(=O)O
666,DB01095,CC(C)n1c(/C=C/[C@H](O)C[C@H](O)CC(=O)O)c(-c2ccc(F)cc2)c2ccccc21
667,DB00646,C[C@@H]1OC(=O)CC(O)CC(O)CC(O)CCC(O)C(O)C[C@]2(O)CC(O)C(C(=O)O)C(CC(O[C@H]3O[C@H](C)[C@@H](O)[C@H](N)[C@@H]3O)/C=C/C=C/C=C/C=C/CC/C=C/C=C/[C@H](C)[C@@H](O)[C@H]1C)O2
668,DB01083,CCCCCCCCCCC[C@@H](C[C@@H]1OC(=O)[C@H]1CCCCCC)OC(=O)[C@H](CC(C)C)NC=O
669,DB06401,Cc1c(-c2ccc(O)cc2)n(Cc2ccc(OCCN3CCCCCC3)cc2)c2ccc(O)cc12
670,DB00545,CN(C)C(=O)Oc1ccc[n+](C)c1
671,DB00868,CCCCNc1ccc(C(=O)OCCOCCOCCOCCOCCOCCOCCOCCOCCOC)cc1
672,DB00962,CCN(C(C)=O)c1cccc(-c2ccnc3c(C#N)cnn23)c1
673,DB06756,C[N+](C)(C)CC(=O)[O-]
674,DB06715,[I-].[K+]
675,DB09225,CN(C)CCOC1=Cc2ccccc2Sc2ccc(Cl)cc21
676,DB00514,COc1ccc2c(c1)[C@]13CCCC[C@@H]1[C@H](C2)N(C)CC3
677,DB00236,O=C(CCBr)N1CCN(C(=O)CCBr)CC1
678,DB04844,COc1cc2c(cc1OC)C1CC(=O)C(CC(C)C)CN1CC2
679,DB00885,Cc1cccn2c(=O)c(-c3nn[nH]n3)cnc12
680,DB00252,O=C1NC(=O)C(c2ccccc2)(c2ccccc2)N1
681,DB01196,C[C@]12CC[C@@H]3c4ccc(OC(=O)N(CCCl)CCCl)cc4CC[C@H]3[C@@H]1CC[C@@H]2O
682,DB00469,CN1C(C(=O)Nc2ccccn2)=C(O)c2sccc2S1(=O)=O
683,DB11611,CS(=O)(=O)c1cccc(C[C@H](NC(=O)c2c(Cl)cc3c(c2Cl)CCN(C(=O)c2ccc4ccoc4c2)C3)C(=O)O)c1
684,DB06268,Cc1cc2c(cc1CC(=O)c1sccc1S(=O)(=O)Nc1onc(C)c1Cl)OCO2
685,DB00523,CC1=C(/C=C/C(C)=C\C=C\C(C)=C\C(=O)O)C(C)(C)CCC1
686,DB00362,CCCCCOc1ccc(-c2ccc(-c3ccc(C(=O)N[C@H]4C[C@@H](O)[C@@H](O)NC(=O)[C@@H]5[C@@H](O)[C@@H](C)CN5C(=O)[C@H]([C@@H](C)O)NC(=O)[C@H]([C@H](O)[C@@H](O)c5ccc(O)cc5)NC(=O)[C@@H]5C[C@@H](O)CN5C(=O)[C@H]([C@@H](C)O)NC4=O)cc3)cc2)cc1
687,DB08882,CC#CCn1c(N2CCC[C@@H](N)C2)nc2c1c(=O)n(Cc1nc(C)c3ccccc3n1)c(=O)n2C
688,DB01206,O=NN(CCCl)C(=O)NC1CCCCC1
689,DB14185,CCCCCCCCCCCC(=O)OCN1C(=O)CCc2ccc(OCCCCN3CCN(c4cccc(Cl)c4Cl)CC3)cc21
690,DB00956,COc1ccc2c3c1O[C@H]1C(=O)CC[C@H]4[C@@H](C2)N(C)CC[C@]314
691,DB00865,C[C@@H](Cc1ccccc1)N(C)Cc1ccccc1
692,DB04573,C[C@]12CC[C@@H]3c4ccc(O)cc4CC[C@H]3[C@@H]1C[C@@H](O)[C@@H]2O
693,DB00951,NNC(=O)c1ccncc1
694,DB00953,CN(C)CCc1c[nH]c2ccc(Cn3cncn3)cc12
695,DB02679,N#CN
696,DB00380,C[C@@H](CN1CC(=O)NC(=O)C1)N1CC(=O)NC(=O)C1
697,DB08823,CC[C@H]1CCC[C@H](O[C@H]2CC[C@H](N(C)C)[C@@H](C)O2)[C@@H](C)C(=O)C2=C[C@@H]3[C@@H](C=C[C@@H]4C[C@@H](O[C@@H]5O[C@@H](C)[C@H](OC)[C@@H](OC)[C@H]5OC)C[C@@H]34)[C@@H]2CC(=O)O1.CC[C@H]1CCC[C@H](O[C@H]2CC[C@H](N(C)C)[C@@H](C)O2)[C@@H](C)C(=O)C2=C[C@H]3[C@@H]4C[C@H](O[C@@H]5O[C@@H](C)[C@H](OC)[C@@H](OC)[C@H]5OC)C[C@H]4C(C)=C[C@H]3[C@@H]2CC(=O)O1
698,DB00339,NC(=O)c1cnccn1
699,DB01280,COc1nc(N)nc2c1ncn2[C@@H]1O[C@H](CO)[C@@H](O)[C@@H]1O
700,DB00462,C[N+]1(C)[C@H]2C[C@H](OC(=O)[C@H](CO)c3ccccc3)C[C@@H]1[C@H]1O[C@@H]21.[Br-]
701,DB00601,CC(=O)NC[C@H]1CN(c2ccc(N3CCOCC3)c(F)c2)C(=O)O1
702,DB01097,Cc1oncc1C(=O)Nc1ccc(C(F)(F)F)cc1
703,DB13943,C[C@]12CC[C@H]3[C@@H](CCC4=CC(=O)CC[C@@]43C)[C@@H]1CC[C@@H]2OC(=O)CCC1CCCC1
704,DB01261,N[C@@H](CC(=O)N1CCn2c(nnc2C(F)(F)F)C1)Cc1cc(F)c(F)cc1F
705,DB00924,CN(C)CCC=C1c2ccccc2C=Cc2ccccc21
706,DB00235,Cc1[nH]c(=O)c(C#N)cc1-c1ccncc1
707,DB06196,N=C(N)NCCC[C@H](NC(=O)[C@@H]1C[C@@H]2CCCC[C@@H]2N1C(=O)[C@H]1Cc2ccccc2CN1C(=O)[C@H](CO)NC(=O)[C@H](Cc1cccs1)NC(=O)CNC(=O)[C@@H]1C[C@@H](O)CN1C(=O)[C@@H]1CCCN1C(=O)[C@H](CCCNC(=N)N)NC(=O)[C@H](N)CCCNC(=N)N)C(=O)O
708,DB00780,NNCCc1ccccc1
709,DB00405,CN(C)CC[C@@H](c1ccc(Br)cc1)c1ccccn1
710,DB00699,CO[C@]12C[C@@H](COC(=O)c3cncc(Br)c3)CN(C)[C@@H]1Cc1cn(C)c3cccc2c13
711,DB06771,N[C@@H]1CCCCN(c2c(F)cc3c(=O)c(C(=O)O)cn(C4CC4)c3c2Cl)C1
712,DB01063,CC(=O)c1ccc2c(c1)N(CCCN1CCN(CCO)CC1)c1ccccc1S2
713,DB04847,Cc1nc(C(=O)NCC(=O)O)c(O)c2ccc(Oc3ccccc3)cc12
714,DB01175,CN(C)CCC[C@@]1(c2ccc(F)cc2)OCc2cc(C#N)ccc21
715,DB01043,CC12CC3CC(C)(C1)CC(N)(C3)C2
716,DB00933,CN1CCCCC1CCN1c2ccccc2Sc2ccc([S+](C)[O-])cc21
717,DB11820,CC1CS(=O)(=O)CCN1/N=C/c1ccc([N+](=O)[O-])o1
718,DB01019,CC(C[N+](C)(C)C)OC(N)=O
719,DB00265,CC=CC(=O)N(CC)c1ccccc1C
720,DB00152,Cc1ncc(C[n+]2csc(CCO)c2C)c(N)n1
721,DB00609,CCc1cc(C(N)=S)ccn1
722,DB08865,C[C@@H](Oc1cc(-c2cnn(C3CCNCC3)c2)cnc1N)c1c(Cl)ccc(F)c1Cl
723,DB01044,COc1c(N2CCNC(C)C2)c(F)cc2c(=O)c(C(=O)O)cn(C3CC3)c12
724,DB06287,CO[C@H]1C[C@@H]2CC[C@@H](C)[C@@](O)(O2)C(=O)C(=O)N2CCCC[C@H]2C(=O)O[C@H]([C@H](C)C[C@@H]2CC[C@@H](OC(=O)C(C)(CO)CO)[C@H](OC)C2)CC(=O)[C@H](C)/C=C(\C)[C@@H](O)[C@@H](OC)C(=O)[C@H](C)C[C@H](C)/C=C/C=C/C=C/1C
725,DB00255,CC/C(=C(/CC)c1ccc(O)cc1)c1ccc(O)cc1
726,DB01247,Cc1cc(C(=O)NNCc2ccccc2)no1
727,DB01201,CO[C@H]1/C=C/O[C@@]2(C)Oc3c(C)c(O)c4c(O)c(c(/C=N/N5CCN(C6CCCC6)CC5)c(O)c4c3C2=O)NC(=O)/C(C)=C\C=C\[C@H](C)[C@H](O)[C@@H](C)[C@@H](O)[C@@H](C)[C@H](OC(C)=O)[C@@H]1C
728,DB01076,CC(C)c1c(C(=O)Nc2ccccc2)c(-c2ccccc2)c(-c2ccc(F)cc2)n1CC[C@@H](O)C[C@@H](O)CC(=O)O
729,DB01576,C[C@H](N)Cc1ccccc1
730,DB00130,NC(=O)CC[C@H](N)C(=O)O
731,DB00361,CCC1=C[C@@H]2CN(C1)Cc1c([nH]c3ccccc13)[C@@](C(=O)OC)(c1cc3c(cc1OC)N(C)[C@H]1[C@@](O)(C(=O)OC)[C@H](OC(C)=O)[C@]4(CC)C=CCN5CC[C@]31[C@@H]54)C2
732,DB06777,C[C@H](CCC(=O)O)[C@H]1CC[C@H]2[C@H]3[C@H](CC[C@@]21C)[C@@]1(C)CC[C@@H](O)C[C@H]1C[C@H]3O
733,DB00320,CN1C[C@H](C(=O)N[C@]2(C)O[C@@]3(O)[C@@H]4CCCN4C(=O)[C@H](Cc4ccccc4)N3C2=O)C[C@@H]2c3cccc4[nH]cc(c34)C[C@H]21
734,DB08931,COC(=O)N(C)c1c(N)nc(-c2nn(Cc3ccccc3F)c3ncccc23)nc1N
735,DB00674,COc1ccc2c3c1O[C@H]1C[C@@H](O)C=C[C@@]31CCN(C)C2
736,DB01551,COc1ccc2c3c1O[C@H]1[C@@H](O)CC[C@H]4[C@@H](C2)N(C)CC[C@]314
737,DB01265,Cc1cn([C@@H]2C[C@@H](O)[C@H](CO)O2)c(=O)[nH]c1=O
738,DB01623,CN1CCN(CC/C=C2/c3ccccc3Sc3ccc(S(=O)(=O)N(C)C)cc32)CC1
739,DB00400,COC1=CC(=O)C[C@@H](C)[C@]12Oc1c(Cl)c(OC)cc(OC)c1C2=O
740,DB00385,CCCCC(=O)OCC(=O)[C@]1(O)Cc2c(O)c3c(c(O)c2[C@@H](O[C@H]2C[C@H](NC(=O)C(F)(F)F)[C@H](O)[C@H](C)O2)C1)C(=O)c1c(OC)cccc1C3=O
741,DB08910,Nc1cccc2c1C(=O)N(C1CCC(=O)NC1=O)C2=O
742,DB09102,COC(=O)N[C@H](C(=O)N1CCC[C@H]1c1ncc(-c2ccc(-c3ccc(-c4cnc([C@@H]5CCCN5C(=O)[C@@H](NC(=O)OC)C(C)C)[nH]4)cc3)cc2)[nH]1)C(C)C
743,DB06712,COC(=O)C1=C(C#N)NC(C)=C(C(=O)OC(C)C)C1c1cccc([N+](=O)[O-])c1
744,DB08822,CCOc1nc2cccc(C(=O)OCc3oc(=O)oc3C)c2n1Cc1ccc(-c2ccccc2-c2noc(=O)[nH]2)cc1
745,DB06813,C#CCC(Cc1cnc2nc(N)nc(N)c2n1)c1ccc(C(=O)N[C@@H](CCC(=O)O)C(=O)O)cc1
746,DB01166,O=C1CCc2cc(OCCCCc3nnnn3C3CCCCC3)ccc2N1
747,DB00659,CC(=O)NCCCS(=O)(=O)O
748,DB06718,C[C@]12Cc3c[nH]nc3C[C@@H]1CC[C@@H]1[C@@H]2CC[C@@]2(C)[C@H]1CC[C@]2(C)O
749,DB00888,CN(CCCl)CCCl
750,DB00697,Clc1ccc2nsnc2c1NC1=NCCN1
751,DB08897,O=C(O[C@H]1C[N+]2(CCCOc3ccccc3)CCC1CC2)C(O)(c1cccs1)c1cccs1
752,DB01589,Fc1ccccc1C1=NCC(=S)N(CC(F)(F)F)c2ccc(Cl)cc21
753,DB11574,COC(=O)N[C@H](C(=O)N1CCC[C@H]1c1ncc(-c2ccc3c(c2)O[C@@H](c2ccccc2)n2c-3cc3cc(-c4cnc([C@@H]5CCCN5C(=O)[C@@H](NC(=O)OC)C(C)C)[nH]4)ccc32)[nH]1)C(C)C
754,DB00141,CC(=O)N[C@@H](C=O)[C@@H](O)[C@H](O)[C@H](O)CO
755,DB00431,Cl[C@H]1[C@H](Cl)[C@@H](Cl)[C@@H](Cl)[C@H](Cl)[C@H]1Cl
756,DB00477,CN(C)CCCN1c2ccccc2Sc2ccc(Cl)cc21
757,DB08908,COC(=O)/C=C/C(=O)OC
758,DB00839,Cc1ccc(S(=O)(=O)NC(=O)NN2CCCCCC2)cc1
759,DB00740,Nc1nc2ccc(OC(F)(F)F)cc2s1
760,DB04930,CC1(C)C(C=C(Cl)Cl)C1C(=O)OCc1cccc(Oc2ccccc2)c1
761,DB00491,OCCN1C[C@H](O)[C@@H](O)[C@H](O)[C@H]1CO
762,DB00327,CN1CC[C@]23c4c5ccc(O)c4O[C@H]2C(=O)CC[C@H]3[C@H]1C5
763,DB01080,C=CC(N)CCC(=O)O
764,DB00623,OCCN1CCN(CCCN2c3ccccc3Sc3ccc(C(F)(F)F)cc32)CC1
765,DB01014,O=C(O)CCNC(=O)c1ccc(/N=N/c2ccc(O)c(C(=O)O)c2)cc1
766,DB09265,CC[C@H](C)[C@H](NC(=O)[C@H](Cc1ccccc1)NC(=O)[C@H](CC(C)C)NC(=O)[C@H](CCCNC(=N)N)NC(=O)[C@@H](NC(=O)[C@H](C)NC(=O)[C@H](CCC(=O)O)NC(=O)[C@H](CCC(=O)O)NC(=O)[C@H](CCC(=O)O)NC(=O)[C@H](CCSC)NC(=O)[C@H](CCC(N)=O)NC(=O)[C@H](CCCCN)NC(=O)[C@H](CO)NC(=O)[C@H](CC(C)C)NC(=O)[C@H](CC(=O)O)NC(=O)[C@H](CO)NC(=O)[C@@H](NC(=O)[C@H](Cc1ccccc1)NC(=O)[C@@H](NC(=O)CNC(=O)[C@H](CCC(=O)O)NC(=O)CNC(=O)[C@@H](N)Cc1c[nH]cn1)[C@@H](C)O)[C@@H](C)O)C(C)C)C(=O)N[C@@H](CCC(=O)O)C(=O)N[C@@H](Cc1c[nH]c2ccccc12)C(=O)N[C@@H](CC(C)C)C(=O)N[C@@H](CCCCN)C(=O)N[C@@H](CC(N)=O)C(=O)NCC(=O)NCC(=O)N1CCC[C@H]1C(=O)N[C@@H](CO)C(=O)N[C@@H](CO)C(=O)NCC(=O)N[C@@H](C)C(=O)N1CCC[C@H]1C(=O)N1CCC[C@H]1C(=O)N[C@@H](CO)C(=O)N[C@@H](CCCCN)C(=O)N[C@@H](CCCCN)C(=O)N[C@@H](CCCCN)C(=O)N[C@@H](CCCCN)C(=O)N[C@@H](CCCCN)C(=O)N[C@@H](CCCCN)C(N)=O
767,DB00211,COc1ccc(OC)c(C(O)CNC(=O)CN)c1
768,DB01021,NS(=O)(=O)c1cc2c(cc1Cl)NC(C(Cl)Cl)NS2(=O)=O
769,DB00201,Cn1c(=O)c2c(ncn2C)n(C)c1=O
770,DB01105,CC(C)CC(N(C)C)C1(c2ccc(Cl)cc2)CCC1
771,DB00460,C=Cc1c(C)c2cc3nc(cc4[nH]c(cc5nc(cc1[nH]2)C(C)=C5CCC(=O)O)c(CCC(=O)OC)c4C)[C@@]1(C)C3=CC=C(C(=O)OC)[C@H]1C(=O)OC
772,DB00232,CN1C(CCl)Nc2cc(Cl)c(S(N)(=O)=O)cc2S1(=O)=O
773,DB00299,Nc1nc(=O)c2ncn(CCC(CO)CO)c2[nH]1
774,DB00760,C[C@@H](O)[C@H]1C(=O)N2C(C(=O)O)=C(S[C@@H]3CN[C@H](C(=O)N(C)C)C3)[C@H](C)[C@H]12
775,DB08874,CCc1c(Cl)c(O)c(Cl)c(O)c1C(=O)O[C@H]1[C@H](O)[C@H](OC)[C@H](OC/C2=C\C=C\C[C@H](O)/C(C)=C/[C@H](CC)[C@@H](O[C@@H]3OC(C)(C)[C@@H](OC(=O)C(C)C)[C@H](O)[C@@H]3O)/C(C)=C/C(C)=C/C[C@@H]([C@@H](C)O)OC2=O)O[C@@H]1C
776,DB00775,CCCCS(=O)(=O)N[C@@H](Cc1ccc(OCCCCC2CCNCC2)cc1)C(=O)O
777,DB01214,CC(=O)Oc1c(C)cc(OCC(O)CNC(C)C)c(C)c1C
778,DB04920,CCCC(=O)OCOC(=O)C1=C(C)NC(C)=C(C(=O)OC)C1c1cccc(Cl)c1Cl
779,DB01198,CN1CCN(C(=O)OC2c3nccnc3C(=O)N2c2ccc(Cl)cn2)CC1
780,DB00432,O=c1[nH]c(=O)n([C@H]2C[C@H](O)[C@@H](CO)O2)cc1C(F)(F)F
781,DB01118,CCCCc1oc2ccccc2c1C(=O)c1cc(I)c(OCCN(CC)CC)c(I)c1
782,DB06603,Cc1[nH]c2ccccc2c1CCNCc1ccc(/C=C/C(=O)NO)cc1
783,DB00628,O=C(O)C1N=C(c2ccccc2)c2cc(Cl)ccc2NC1=O
784,DB01086,CCOC(=O)c1ccc(N)cc1
785,DB12243,CC1=NN(c2ccccc2)C(=O)C1
786,DB00379,Cc1cccc(C)c1OCC(C)N
787,DB00530,C#Cc1cccc(Nc2ncnc3cc(OCCOC)c(OCCOC)cc23)c1
788,DB11560,O=C(O)CSc1nnc(Br)n1-c1ccc(C2CC2)c2ccccc12
789,DB01744,CC1(C)[C@@H]2CC[C@@]1(C)C(=O)C2
790,DB08820,CC(C)(C)c1cc(C(C)(C)C)c(NC(=O)c2c[nH]c3ccccc3c2=O)cc1O
791,DB09357,CC(C)(CO)[C@@H](O)C(=O)NCCCO
792,DB01117,O=C1C(O)=C([C@H]2CC[C@H](c3ccc(Cl)cc3)CC2)C(=O)c2ccccc21
793,DB00548,O=C(O)CCCCCCCC(=O)O
794,DB05013,C/C=C(/C)C(=O)O[C@H]1C(C)=C[C@]23C(=O)[C@H](C=C(CO)[C@@H](O)[C@]12O)[C@H]1[C@@H](C[C@H]3C)C1(C)C
795,DB00231,CN1C(=O)C(O)N=C(c2ccccc2)c2cc(Cl)ccc21
796,DB04942,CC1(C)CCC(C)(C)c2cc(NC(=O)c3ccc(C(=O)O)cc3)ccc21
797,DB01120,Cc1ccc(S(=O)(=O)NC(=O)NN2C[C@H]3CCC[C@H]3C2)cc1
798,DB01377,[Mg+2].[O-2]
799,DB00848,c1ccc([C@H]2CN3CCSC3=N2)cc1
800,DB08889,CC(C)C[C@H](NC(=O)[C@H](CCc1ccccc1)NC(=O)CN1CCOCC1)C(=O)N[C@@H](Cc1ccccc1)C(=O)N[C@@H](CC(C)C)C(=O)[C@@]1(C)CO1
801,DB00284,C[C@H]1O[C@H](O[C@@H]2[C@@H](CO)O[C@H](O[C@H]([C@H](O)CO)[C@H](O)[C@@H](O)C=O)[C@H](O)[C@H]2O)[C@H](O)[C@@H](O)[C@@H]1N[C@H]1C=C(CO)[C@@H](O)[C@H](O)[C@H]1O
802,DB00669,CNS(=O)(=O)Cc1ccc2[nH]cc(CCN(C)C)c2c1
803,DB06413,NC(=O)C[S@@+]([O-])C(c1ccccc1)c1ccccc1
804,DB00349,CN1C(=O)CC(=O)N(c2ccccc2)c2cc(Cl)ccc21
805,DB09063,Cc1cc(Nc2ncc(Cl)c(=Nc3ccccc3S(=O)(=O)C(C)C)[nH]2)c(OC(C)C)cc1C1CCNCC1
806,DB11092,[F-].[F-].[Sn+2]
807,DB00990,C=C1C[C@@H]2[C@H](CC[C@]3(C)C(=O)CC[C@@H]23)[C@@]2(C)C=CC(=O)C=C12
808,DB00104,C[C@@H](O)[C@@H]1NC(=O)[C@H](CCCCN)NC(=O)[C@@H](Cc2c[nH]c3ccccc23)NC(=O)[C@H](Cc2ccccc2)NC(=O)[C@@H](NC(=O)[C@H](N)Cc2ccccc2)CSSC[C@@H](C(=O)N[C@H](CO)[C@@H](C)O)NC1=O
809,DB00459,COc1cc(C)c(/C=C/C(C)=C/C=C/C(C)=C/C(=O)O)c(C)c1C
810,DB06637,Nc1ccncc1
811,DB01143,NCCCNCCSP(=O)(O)O
812,DB01085,CC[C@@H]1C(=O)OC[C@@H]1Cc1cncn1C
813,DB09232,COCCOC(=O)C1=C(C)NC(C)=C(C(=O)OC/C=C/c2ccccc2)C1c1cccc([N+](=O)[O-])c1
814,DB06212,Cc1ccccc1C(=O)Nc1ccc(C(=O)N2CCC[C@@H](O)c3cc(Cl)ccc32)c(C)c1
815,DB00158,Nc1nc(=O)c2nc(CNc3ccc(C(=O)N[C@@H](CCC(=O)O)C(=O)O)cc3)cnc2[nH]1
816,DB06724,O=C([O-])[O-].[Ca+2]
817,DB00363,CN1CCN(C2=Nc3cc(Cl)ccc3Nc3ccccc32)CC1
818,DB13156,CC(=O)Nc1ccc(C(=O)O)cc1.CC(=O)Nc1ccc(C(=O)O)cc1.CC(=O)Nc1ccc(C(=O)O)cc1.C[C@@H](O)CN(C)C.C[C@@H](O)CN(C)C.C[C@@H](O)CN(C)C.O=c1[nH]cnc2c1ncn2[C@@H]1O[C@H](CO)[C@@H](O)[C@H]1O
819,DB01216,CC(C)(C)NC(=O)[C@H]1CC[C@H]2[C@@H]3CC[C@H]4NC(=O)C=C[C@]4(C)[C@H]3CC[C@]12C
820,DB13997,COC(=O)OCOc1c2n(ccc1=O)N([C@@H]1c3ccccc3SCc3c1ccc(F)c3F)[C@@H]1COCCN1C2=O
821,DB08828,CS(=O)(=O)c1ccc(C(=O)Nc2ccc(Cl)c(-c3ccccn3)c2)c(Cl)c1
822,DB01011,CC(C)(C(=O)c1cccnc1)c1cccnc1
823,DB01075,CN(C)CCOC(c1ccccc1)c1ccccc1
824,DB04865,COC(=O)C[C@](O)(CCCC(C)(C)O)C(=O)O[C@@H]1C(OC)=C[C@]23CCCN2CCc2cc4c(cc2[C@H]13)OCO4
825,DB00461,COc1ccc2cc(CCC(C)=O)ccc2c1
826,DB00131,Nc1ncnc2c1ncn2[C@@H]1O[C@H](COP(=O)(O)O)[C@@H](O)[C@H]1O
827,DB00912,CCOc1cc(CC(=O)N[C@@H](CC(C)C)c2ccccc2N2CCCCC2)ccc1C(=O)O
828,DB00464,CCCCC(CC)CCC(CC(C)C)OS(=O)(=O)[O-].[Na+]
829,DB01077,CC(O)(P(=O)(O)O)P(=O)(O)O
830,DB00233,Nc1ccc(C(=O)O)c(O)c1
831,DB00489,CC(C)NCC(O)c1ccc(NS(C)(=O)=O)cc1
832,DB12245,CSc1nc2cc(Oc3cccc(Cl)c3Cl)c(Cl)cc2[nH]1
833,DB13207,N=C(N)NCCC[C@H](N)C(=O)O.N[C@@H](CCC(=O)O)C(=O)O
834,DB00371,CCCC(C)(COC(N)=O)COC(N)=O
835,DB09065,CC(C)c1nc(CN(C)C(=O)N[C@@H](CCN2CCOCC2)C(=O)N[C@H](CC[C@H](Cc2ccccc2)NC(=O)OCc2cncs2)Cc2ccccc2)cs1
836,DB09017,Cc1nnc2n1-c1sc(Br)cc1C(c1ccccc1Cl)=NC2
837,DB05219,N#Cc1ccc(Oc2ccc3c(c2)COB3O)cc1
838,DB09229,COC(=O)C1=C(C)NC(C)=C(C(=O)OCC(C)=O)C1c1ccccc1[N+](=O)[O-]
839,DB00558,CC(=O)N[C@@H]1[C@@H](N=C(N)N)C=C(C(=O)O)O[C@H]1[C@H](O)[C@H](O)CO
840,DB00831,CN1CCN(CCCN2c3ccccc3Sc3ccc(C(F)(F)F)cc32)CC1
841,DB01545,CCOC(=O)C1N=C(c2ccccc2F)c2cc(Cl)ccc2NC1=O
842,DB00370,CN1CCN2c3ncccc3Cc3ccccc3C2C1
843,DB01195,O=C(NCC1CCCCN1)c1cc(OCC(F)(F)F)ccc1OCC(F)(F)F
844,DB01228,COc1ccc(C(=O)Nc2ccccc2CCC2CCCCN2C)cc1
845,DB00640,Nc1ncnc2c1ncn2[C@@H]1O[C@H](CO)[C@@H](O)[C@H]1O
846,DB00698,O=C1CN(/N=C/c2ccc([N+](=O)[O-])o2)C(=O)N1
847,DB00499,CC(C)C(=O)Nc1ccc([N+](=O)[O-])c(C(F)(F)F)c1
848,DB06210,CC1=NN(c2ccc(C)c(C)c2)C(=O)/C1=N\Nc1cccc(-c2cccc(C(=O)O)c2)c1O
849,DB00067,NC(=O)CCC1NC(=O)C(Cc2ccccc2)NC(=O)C(Cc2ccc(O)cc2)NC(=O)C(N)CSSCC(C(=O)N2CCCC2C(=O)NC(CCCN=C(N)N)C(=O)NCC(N)=O)NC(=O)C(CC(N)=O)NC1=O.NCCCCC(NC(=O)C1CCCN1C(=O)C1CSSCC(N)C(=O)NC(Cc2ccc(O)cc2)C(=O)NC(Cc2ccccc2)C(=O)NC(CCC(N)=O)C(=O)NC(CC(N)=O)C(=O)N1)C(=O)NCC(N)=O
850,DB08934,CC(C)OC(=O)[C@H](C)N[P@](=O)(OC[C@H]1O[C@@H](n2ccc(=O)[nH]c2=O)[C@](C)(F)[C@@H]1O)Oc1ccccc1
851,DB01579,C[C@H]1[C@H](c2ccccc2)OCCN1C
852,DB01260,CC1(C)O[C@@H]2C[C@H]3[C@@H]4CCC5=CC(=O)C=C[C@]5(C)[C@H]4[C@@H](O)C[C@]3(C)[C@]2(C(=O)CO)O1
853,DB04878,OCC(CO)N[C@H]1C[C@](O)(CO)[C@@H](O)[C@H](O)[C@H]1O
854,DB09031,CCCCCCCCCCCCCCCCOP(=O)([O-])OCC[N+](C)(C)C
855,DB06605,COc1ccc(-n2nc(C(N)=O)c3c2C(=O)N(c2ccc(N4CCCCC4=O)cc2)CC3)cc1
856,DB00672,CCCNC(=O)NS(=O)(=O)c1ccc(Cl)cc1
857,DB01200,CC(C)C[C@H]1C(=O)N2CCC[C@H]2[C@]2(O)O[C@](NC(=O)[C@@H]3C=C4c5cccc6[nH]c(Br)c(c56)C[C@H]4N(C)C3)(C(C)C)C(=O)N12
858,DB00378,CC(=O)[C@H]1CC[C@H]2[C@@H]3C=CC4=CC(=O)CC[C@@]4(C)[C@@H]3CC[C@]12C
859,DB09183,COc1c(-c2ccc3cc(NS(C)(=O)=O)ccc3c2)cc(-n2ccc(=O)[nH]c2=O)cc1C(C)(C)C
860,DB01393,CC(C)(Oc1ccc(CCNC(=O)c2ccc(Cl)cc2)cc1)C(=O)O
861,DB01157,COc1cc(NCc2ccc3nc(N)nc(N)c3c2C)cc(OC)c1OC
862,DB00278,CC1CNc2c(cccc2S(=O)(=O)N[C@@H](CCCNC(=N)N)C(=O)N2CC[C@@H](C)C[C@@H]2C(=O)O)C1
863,DB00503,CC(C)c1nc(CN(C)C(=O)N[C@H](C(=O)N[C@@H](Cc2ccccc2)C[C@H](O)[C@H](Cc2ccccc2)NC(=O)OCc2cncs2)C(C)C)cs1
864,DB01440,O=C(O)CCCO
865,DB01132,CCc1ccc(CCOc2ccc(CC3SC(=O)NC3=O)cc2)nc1
866,DB00143,N[C@@H](CCC(=O)N[C@@H](CS)C(=O)NCC(=O)O)C(=O)O
867,DB00159,CC/C=C\C/C=C\C/C=C\C/C=C\C/C=C\CCCC(=O)O
868,DB00608,CCN(CC)CCCC(C)Nc1ccnc2cc(Cl)ccc12
869,DB09042,Cn1nnc(-c2ccc(-c3ccc(N4C[C@H](COP(=O)(O)O)OC4=O)cc3F)cn2)n1
870,DB00166,O=C(O)CCCC[C@@H]1CCSS1
871,DB01356,[Li+]
872,DB01220,CO[C@H]1/C=C/O[C@@]2(C)Oc3c(C)c(O)c4c(O)c(c5c(nc6cc(C)ccn65)c4c3C2=O)NC(=O)/C(C)=C\C=C\[C@H](C)[C@H](O)[C@@H](C)[C@@H](O)[C@@H](C)[C@H](OC(C)=O)[C@@H]1C
873,DB00470,CCCCCc1cc(O)c2c(c1)OC(C)(C)[C@@H]1CCC(C)=C[C@@H]21
874,DB00222,CCC1=C(C)CN(C(=O)NCCc2ccc(S(=O)(=O)NC(=O)N[C@H]3CC[C@H](C)CC3)cc2)C1=O
875,DB00435,[N]=O
876,DB00995,CC(=O)OC[C@H]1O[C@@H]([S-])[C@H](OC(C)=O)[C@@H](OC(C)=O)[C@@H]1OC(C)=O.CC[P-2](CC)CC.[Au+3]
877,DB01124,CCCCNC(=O)NS(=O)(=O)c1ccc(C)cc1
878,DB11431,CO/N=C1\C[C@]2(C[C@@H]3C[C@@H](C/C=C(\C)C[C@@H](C)/C=C/C=C4\CO[C@@H]5[C@H](O)C(C)=C[C@@H](C(=O)O3)[C@]45O)O2)O[C@H](/C(C)=C/C(C)C)[C@H]1C
879,DB00465,O=C(c1ccccc1)c1ccc2n1CCC2C(=O)O
880,DB00390,C[C@H]1O[C@@H](O[C@H]2[C@@H](O)C[C@H](O[C@H]3[C@@H](O)C[C@H](O[C@H]4CC[C@]5(C)[C@H]6C[C@@H](O)[C@]7(C)[C@@H](C8=CC(=O)OC8)CC[C@]7(O)[C@@H]6CC[C@@H]5C4)O[C@@H]3C)O[C@@H]2C)C[C@H](O)[C@@H]1O
881,DB06803,O=C(Nc1ccc([N+](=O)[O-])cc1Cl)c1cc(Cl)ccc1O
882,DB11575,C=C[C@@H]1C[C@]1(NC(=O)[C@@H]1C[C@@H]2CN1C(=O)[C@H](C(C)(C)C)NC(=O)O[C@@H]1C[C@H]1CCCCCc1nc3ccc(OC)cc3nc1O2)C(=O)NS(=O)(=O)C1CC1
883,DB00151,N[C@@H](CS)C(=O)O
884,DB09272,COc1ccc(CN(C(=O)[C@@H](N)Cc2c(C)cc(C(N)=O)cc2C)[C@@H](C)c2nc(-c3ccccc3)c[nH]2)cc1C(=O)O
885,DB00897,Cc1nnc2n1-c1ccc(Cl)cc1C(c1ccccc1Cl)=NC2
886,DB00649,Cc1cn([C@H]2C=C[C@@H](CO)O2)c(=O)[nH]c1=O
887,DB01612,CCCCCON=O
888,DB00879,Nc1nc(=O)n([C@@H]2CS[C@H](CO)O2)cc1F
889,DB00642,Nc1nc(=O)c2c(CCc3ccc(C(=O)N[C@@H](CCC(=O)O)C(=O)O)cc3)c[nH]c2[nH]1
890,DB01677,O=C(O)/C=C/C(=O)O
891,DB00947,C[C@]12CC[C@@H]3c4ccc(O)cc4C[C@@H](CCCCCCCCC[S+]([O-])CCCC(F)(F)C(F)(F)F)[C@H]3[C@@H]1CC[C@@H]2O
892,DB00216,CN1CCC[C@@H]1Cc1c[nH]c2ccc(CCS(=O)(=O)c3ccccc3)cc12
893,DB01182,CCCNCC(O)COc1ccccc1C(=O)CCc1ccccc1
